Time,Cost
11495.111111111111,5284750.930546579
10515.5,6097476.885010415
10345.6,6585070.26143791
