Time,Cost
11495.111111111111,5284750.930546579
9553.0,5592547.400488401
9164.0,6424072.41880342
12934.0,4801229.106187928
19212.0,4516820.822164762
