Time,Cost
107088.617,8.556906938511887E7
134663.37679999997,8.362066816375919E7
102983.67159999999,9.373018042141706E7
