Time,Cost
273109.032,2.23927997322354E8
299516.3394,1.9075697084198564E8
289772.088,2.095863386184096E8
244549.91299999997,2.4747726263774058E8
443611.1455,1.8822533231199118E8
