Time,Cost
671057.6354,5.562704674955745E8
1271158.7984,5.561329863211323E8
662572.8549000002,7.883291421338336E8
