Time,Cost
1035.7426304848484,755639.5056071029
1025.677851597691,757576.6016627807
1052.8783757444444,753650.2849340627
1020.904908161616,761640.070745449
910.208688750938,764724.1601498979
1010.6147957267677,763986.4260655273
1049.8499577229434,754219.1337622724
1090.6877638670996,752915.7942285597
904.9248314176047,764776.9567543423
1109.9785451323232,744029.0591083027
1282.0969135421358,739493.5914921925
1024.6859190111106,761431.3348290365
