Time,Cost
1620.6827719333332,875214.8447467382
1750.8015818259742,852624.3774215793
1403.9296270940836,980508.0357923785
1495.4323664085134,904291.7252388669
1574.8516545974746,884895.9617704821
1525.9449888987008,899999.0419264424
1412.4697568836934,917925.1553962708
