Time,Cost
11495.611111111111,5165511.539894746
16082.0,4588011.06959707
13089.0,4822658.456158222
11448.533333333333,5632328.381778352
9480.0,5633246.984593837
