Time,Cost
16082.0,4588011.06959707
11579.111111111111,4734290.941643324
11633.0,4700602.454267954
7940.0,5296072.926704016
8480.0,5181702.951878187
8995.0,5113088.353372119
