Time,Cost
9782.0,6512176.304172951
10624.0,4701939.130431659
