Time,Cost
89464.5,7.287251195333281E7
46395.0,7.471184908496553E7
66416.74652142858,7.328993432192136E7
77250.07819999999,7.29320495748392E7
64596.9134,7.437951758084916E7
60184.75431666666,7.440571165297058E7
