Time,Cost
561337.8871999999,4.5963893663552874E8
628915.7759999997,4.24488467899114E8
848200.6778,4.212915430158723E8
