Time,Cost
655157.6438000001,5.3267976310905695E8
931277.4207666668,4.9546669729553246E8
1073203.1856,4.912675369313603E8
572036.2975999999,5.3271701249684525E8
826099.0591999999,5.313284776173997E8
