Time,Cost
626775.0642,5.000456020626205E8
770085.2541999999,4.31707479762738E8
634249.5407999998,4.496708450539555E8
