Time,Cost
1631.3722484444445,995330.3362288845
1964.071569030303,904192.8142701125
1766.792091,983244.0931061814
1788.1248687979803,958972.5411814392
