Time,Cost
807.1648813989895,793731.3160979893
1110.2320659696968,679709.6245582221
882.5056423838386,713327.9510399258
837.796800181818,747014.4911978741
1032.1371857323231,683883.6783968804
813.888921111111,767400.1080382931
978.2179599191919,694998.0007626417
957.3338957878791,713111.5973961011
1000.6629285577201,684780.8827863911
821.6260001522368,759646.8270216599
973.3395948398269,712441.4926145339
970.6659882828282,712664.131264456
