Time,Cost
111704.82286666667,2.158073733061997E8
132445.32769999997,1.815380123654449E8
128713.23598846154,1.8939855836237562E8
115475.37095000001,1.9920740237433845E8
113342.72472649573,2.1087906270810476E8
123601.6266,1.9429331970135581E8
119530.98788760684,1.982484859095296E8
121803.70104273505,1.9743211826413044E8
112062.73269999998,2.140578629455963E8
