Time,Cost
842.2392784444443,805281.9567345795
797.3286012222221,817217.9075140315
865.6681793333333,794612.2437584597
853.0305783333333,799278.2128442427
931.0251515252528,770862.6162404617
784.9010644444445,827375.258172408
900.8698721269842,779434.4553555881
897.6009645,784643.747866336
805.3014812539681,806142.250625639
1065.0339978888892,768060.8451054832
1018.7515822222226,768128.9320566136
1175.005224484849,761938.857357506
