Time,Cost
789.3480209523809,434269.7655966775
622.0929777777778,479723.70386798016
