Time,Cost
714.2553333333334,428465.38464916655
702.5541548484848,464152.67060924246
732.9516042424243,425612.27002837294
600.7535044444444,469063.3782536763
573.0156088888889,490101.3039105447
