Time,Cost
714.2553333333334,428465.38464916655
732.9516042424243,425612.27002837294
600.7535044444444,469063.3782536763
573.0156088888889,490101.3039105447
685.4211561904762,451860.8471328857
