Time,Cost
3360.089940848485,1734498.505388309
