Time,Cost
193110.8,3.602354083333333E7
41400.0,3.8675514631688565E7
164770.53333333335,3.613871131746032E7
140750.4,3.677177545920746E7
125634.08888888889,3.6860943419234365E7
76752.4,3.778308618907563E7
95487.6,3.73112520595385E7
70239.2,3.8444376633089125E7
74037.6,3.8391796449148886E7
86682.4,3.73888989578069E7
88774.0,3.7364887269162215E7
