Time,Cost
83757.6630011111,1.8671718562906414E8
139680.02081666669,1.741106263317063E8
87372.04678222223,1.7935399157209024E8
108318.34247999996,1.7692957606719792E8
139512.22049666668,1.7596849455317053E8
85883.51856023127,1.8311526085283747E8
80149.32479137255,1.952975761173902E8
87706.62104705883,1.7700712445883644E8
96667.7956,1.7693929996301654E8
139558.0303366667,1.7483963291994143E8
139588.23649666668,1.7423858275107297E8
