Time,Cost
139841.47396666667,2.3422213775032613E8
149536.35826666668,2.3094955780563313E8
139863.91126666666,2.331729461966125E8
138334.75016666666,2.379133959295878E8
139908.45083333334,2.3140431352215526E8
235076.45483333326,2.2790187147392312E8
237050.9273666666,2.2505566046193796E8
138528.93186666665,2.3456348793375456E8
177296.125,2.2964480852301595E8
174322.7029,2.301597209451548E8
