Time,Cost
928.372837888889,807653.7040214026
831.1740676111111,817926.1019793439
884.4309611111113,807702.1813678278
874.3178077474746,815388.9385541867
955.7824888888888,785581.987407853
1296.4187928095237,783620.1458353566
932.6208314848484,801334.2998427488
883.507891520202,809056.0631429257
947.1088420259741,801218.6308731518
