Time,Cost
616.3403141962482,672993.1156415989
693.6779943174604,654312.9083723497
601.1660666666666,678993.5868210944
760.2266215555557,650999.3611064258
604.841419111111,676574.2547598795
586.8300661868689,683905.8067329071
621.8747563838384,662558.8512621775
641.5046166666668,658679.4789668778
884.6347998888888,649594.5581500037
640.0337761313133,661207.1591368063
662.5199695079365,656872.8139930578
740.1548138888887,651186.7508054557
