Time,Cost
251686.7731,1.9331727290077817E8
229074.258,2.182647591923183E8
247600.34199999998,2.151862941696763E8
