Time,Cost
125397.08979999999,1.7810683983312455E8
94686.36140313726,2.0689044307594487E8
98801.77042857144,1.925470749776015E8
98197.88979999999,2.043053095393777E8
108861.58892,1.9198035087749973E8
119168.5544788889,1.8588636198568532E8
123618.58828444444,1.842258150874269E8
111494.84942142857,1.8737925664860705E8
110694.16906,1.8843174272210217E8
120373.94704666667,1.8438747760318875E8
