Time,Cost
84294.06620190477,1.7134431221166524E8
83573.88732000001,1.7371304226242936E8
89618.36153333334,1.7039684224056703E8
81751.72310431373,1.7456413738284925E8
83723.81440380953,1.728557868263352E8
79238.28705999999,1.901519126380356E8
90036.91389999997,1.6943335083304834E8
95940.79027049782,1.6876500420438418E8
86209.40166,1.7051477778301448E8
83043.66998666667,1.7450608885331354E8
