Time,Cost
1406.4602533448776,888785.4593349918
2637.0483283492063,883212.4751349142
