Time,Cost
1631.563366222222,1000147.7416050071
1626.2475157474744,1018255.0937759256
2032.4131056507936,936340.4553188874
