Time,Cost
1406.4602533448776,888785.4593349918
