Time,Cost
3791.5606240952375,2108448.2861302695
4312.738382373738,1883384.5899147727
5739.146207944446,1839693.3727978081
3959.0815849090905,1992508.156406355
4040.408861722221,1958621.185710284
3658.6196764126985,2183476.697651192
3834.122637020202,2102651.0589693123
3941.0041849696963,2059150.134631366
4706.7271014603175,1871344.928625231
