Time,Cost
5122.371875555557,1681757.0047486443
3960.236110777776,1903195.0647788867
4509.324332777777,1762796.698631596
3462.5764088888886,1949152.0210434601
4275.5038626666665,1850817.6455765339
3414.1826873968257,2217921.425756797
