Time,Cost
4312.738382373738,1883384.5899147727
3959.0815849090905,1992508.156406355
3658.6196764126985,2183476.697651192
3941.0041849696963,2059150.134631366
5122.371875555557,1681757.0047486443
3960.236110777776,1903195.0647788867
3674.095008539683,2100384.610099814
4509.324332777777,1762796.698631596
