Time,Cost
3791.5606240952375,2108448.2861302695
4312.738382373738,1883384.5899147727
3959.0815849090905,1992508.156406355
3658.6196764126985,2183476.697651192
3834.122637020202,2102651.0589693123
3941.0041849696963,2059150.134631366
4706.7271014603175,1871344.928625231
3709.8245762323245,2119179.492226653
5122.371875555557,1681757.0047486443
3960.236110777776,1903195.0647788867
