Time,Cost
38782.517499999994,6.861067602030319E7
51538.47365,6.27267375599505E7
43417.980599999995,6.4850549371845536E7
43026.401753846156,6.7079717853740245E7
42190.685464285714,6.816707401243651E7
