Time,Cost
35599.461379487184,6.46576309124068E7
90595.00936538461,5.803210001981132E7
69764.2585,5.811323999974533E7
38073.8211,6.101382371672519E7
36378.400579487185,6.276686709429125E7
41403.161324999994,5.827230633025943E7
47622.326645,5.816211551813654E7
43252.566764999996,5.821201404575465E7
