Time,Cost
3162.2054009999997,2028926.834389245
3786.7842674444437,1817366.5677063598
3295.0190886666664,1968757.134671996
3343.088515666667,1859641.388013493
5572.511059339105,1765327.333357579
4934.752171809524,1765525.7851258013
