Time,Cost
4127.086839333335,1876642.2688519997
7444.940614987015,1805312.622548792
3162.2054009999997,2028926.834389245
