Time,Cost
7233.145607414142,1824150.8679847408
4681.9417492849925,1856602.8752898918
4940.793839222222,1847822.4509111056
4547.858870833332,1862792.4218842285
3333.910353848486,2229021.346293645
7488.340750434344,1810978.4248993995
6366.846405575757,1828695.7148991677
3380.880244863637,1892936.5787307664
