Time,Cost
3380.880244863637,1892936.5787307664
3766.4315144126986,1831546.5844151147
3774.2490119444437,1751156.3604714284
3259.1450267777777,2138604.992151649
