Time,Cost
4681.9417492849925,1856602.8752898918
4940.793839222222,1847822.4509111056
4547.858870833332,1862792.4218842285
3333.910353848486,2229021.346293645
3380.880244863637,1892936.5787307664
5463.639416634919,1770110.3716586186
