Time,Cost
3675.4027070909087,1894686.2042568715
7233.145607414142,1824150.8679847408
4681.9417492849925,1856602.8752898918
4940.793839222222,1847822.4509111056
4547.858870833332,1862792.4218842285
3504.570745555555,2216782.496216257
3333.910353848486,2229021.346293645
3592.0764650505052,1954494.547629249
7488.340750434344,1810978.4248993995
6366.846405575757,1828695.7148991677
