Time,Cost
3675.4027070909087,1894686.2042568715
7233.145607414142,1824150.8679847408
4681.9417492849925,1856602.8752898918
4940.793839222222,1847822.4509111056
