Time,Cost
5516.539807555555,1758328.1887162197
4239.834942444444,1856825.460673647
5180.028292349206,1845962.7533774786
3401.9210135432895,1858136.9783791266
5459.672051929293,1814112.3756273107
5476.054925354978,1807905.0005165907
