Time,Cost
4060.3395103434336,1957613.1172165272
4212.09524539394,1926607.4887637815
3806.137738334776,1967808.3576783598
4151.168099,1940337.2457277454
5516.539807555555,1758328.1887162197
4239.834942444444,1856825.460673647
5180.028292349206,1845962.7533774786
3423.8274307099564,2077388.5339503023
