Time,Cost
3401.9210135432895,1858136.9783791266
3999.4333341262613,1746093.920578673
3334.871925141414,1958327.9076918068
3721.6072811111117,1814700.5586753136
