Time,Cost
2382.218880184704,929933.836352065
1793.758544563925,981488.2128129979
2101.8894474147182,948980.6704773969
2151.152843083044,941272.0920421437
2269.6701989896105,941183.2471864038
2360.2021881433625,936053.243901291
2357.6259772160174,941014.9153120378
