Time,Cost
2285.106637344445,802372.7082958523
1185.9646984867966,895390.197270585
1219.0830919186865,847177.1567727238
1528.1534753106057,846577.2009059342
1628.2340709838381,821087.7633844981
1870.177673949423,811175.6378653045
2221.009243053535,804923.4581623538
1787.7565688999998,814107.097217154
