"SID","Time","Cost"
"1","560.2684822222222","454282.2633905807"
"2","741.6491666666667","418392.1743063348"
"3","618.7593611111112","424108.2449103534"
