Time,Cost
276429.51399999997,2.552870250431985E8
340287.75,2.1617339834121898E8
305755.61999999994,2.4681177943558252E8
337456.61,2.3845962765305918E8
397620.0,2.0976131670049933E8
426684.333,2.0139590041928533E8
