Time,Cost
531321.3019,1.987689794540915E8
271764.0,2.0796040166635153E8
359263.02999999997,2.0425224142141283E8
264931.70533333335,2.4761267129600656E8
315670.89,2.0668949566097647E8
420600.04799999995,1.9998926702581504E8
