Time,Cost
426684.333,2.0139590041928533E8
531321.3019,1.987689794540915E8
271764.0,2.0796040166635153E8
359263.02999999997,2.0425224142141283E8
