Time,Cost
1786.8599926666668,1312295.7760033375
1780.2205990151513,1322541.3779440215
2040.1409877777776,1216867.2471045554
1910.813334555556,1307443.1285471783
