Time,Cost
1831.9294002424247,1169546.4546329672
1823.9069573333338,1284315.8151614259
