Time,Cost
882.1378766666667,291565.9133443182
339.5372866666667,326122.78200287884
368.1217852525252,317956.6321262662
621.4896533333332,292341.91303436895
780.03185,292341.53692412697
455.51740666666666,298409.9483085102
371.18983,309107.4083698739
568.9904200000001,295657.6198958587
414.38410999999996,304257.36828047986
400.71232666666657,307965.7415933083
860.5350088311689,291666.302385213
509.4069099999999,297983.3491257323
541.37104,297451.0530223738
413.6442278787879,304477.33530260134
