Time,Cost
29041.20300980392,3.3356570671486665E7
29071.520697777774,3.324995001356602E7
29041.17510980392,3.480223077190648E7
29666.420827058824,3.3226484432952467E7
29041.174776470587,3.7398555612671115E7
33933.01031,3.3075222725312486E7
