Time,Cost
243806.0,7.222963320652877E7
184204.0,7.261337999274254E7
164486.0,7.645866040572827E7
