Time,Cost
243806.0,7.222963320652877E7
184204.0,7.261337999274254E7
160522.0,7.562148858041957E7
345728.0,7.03534592708468E7
