Time,Cost
103922.16666666667,6.132107227652086E7
168478.0,5.921239320214753E7
