Time,Cost
25.526453333333333,18805.17540909091
