Time,Cost
79.91075111111111,21217.913642045452
44.624453333333335,23664.633880555557
49.93666666666667,22166.382161111116
62.617466666666665,21417.923687500002
