Time,Cost
45.90298000000001,18821.76460936147
38.002227777777776,19244.873556944447
