Time,Cost
3555.677438500001,1862884.8579039967
3672.881481249639,1795852.1477025999
4570.660555686868,1772231.340000949
3519.6828270591636,1865654.459871495
3131.778345646464,2021736.4059084083
3246.7430843636366,2012780.8560731008
4598.529050373738,1663752.7925671656
3437.127435888889,1964247.0265023587
