Time,Cost
157558.15472444444,2.398407131369543E8
187300.7134,2.3050969154773375E8
157186.66852444442,2.46056892104222E8
158539.00776444442,2.3552275667550993E8
157186.63804444444,2.4674337287978E8
158051.25078666667,2.3689250790438426E8
157186.69308444444,2.4563947734428433E8
141876.04450000002,2.513097352589379E8
137652.33456666666,2.597378800105432E8
157317.61526666666,2.4185624700700012E8
160752.13108444444,2.3286682888410696E8
168570.86917333334,2.3194326521593112E8
