Time,Cost
463.76052004329006,491246.30753347033
845.3291356421357,411134.847038521
558.1086833333334,427387.52348292945
814.8362233333335,416118.2535005449
711.4589486868687,418029.5748582182
489.99802222222223,458937.6636054905
650.8749333333332,424440.4282812013
532.5009699999999,435698.4315613638
489.3312977777777,480685.14840673516
532.0144744444444,448123.5574666491
521.5052876190476,455340.9470708516
680.81654,422678.0602411869
472.77647095238103,480817.5648645129
