Time,Cost
577.9221265858586,603125.552627052
738.8020220303033,520013.528192943
580.5262312222222,585185.501071134
599.7287822222221,560312.1262746989
738.5683145656565,532178.4423403566
694.6199461414142,535131.2905678736
673.8985589206351,544397.9017914903
622.0383401111109,560213.4977905467
638.3125497272725,544987.0363884006
625.6277802222221,545805.2663749356
688.0553068080809,539741.8553606599
