Time,Cost
901.3041325087719,490949.40829529136
484.3376466666666,515072.5187972505
809.8959480952382,491090.42040425976
547.9017021111111,510194.1725032429
674.954050047619,494451.29545973474
610.8648285454544,500261.18637277384
599.7372829999999,507528.9469848371
584.6747720634919,507813.90610179247
667.4049201428571,497288.6870598102
631.1364790952381,498971.0862807041
648.5708238888889,498178.41019824625
674.5810633809524,494549.770262177
