Time,Cost
150402.67190000002,1.8756421351233825E8
222867.35179999995,1.7713765751443884E8
174724.20485,1.8189201026067156E8
