Time,Cost
217.55888413333332,110564.90133181823
363.00533253333333,106132.41484816415
161.318128,115949.95565093256
148.45290855555555,122818.39823671214
164.66259999999997,112462.29640375706
192.21341266666667,111481.07857410991
154.14192666666665,119759.40889378786
163.48543,114970.4524234377
154.246884,116839.12077564826
293.2814008,107842.0045692536
219.06096306666663,108107.98719621313
