Time,Cost
819.4750755555555,318651.2124566418
382.6613888888889,351676.4822898738
689.6493633333333,319001.3258466161
431.3541266666666,324154.6566851876
544.0223000000001,321461.2664648918
385.0287863636363,337722.11404393945
384.40254000000004,348768.4297500794
410.54088666666667,330757.1947263853
523.3275833333333,322099.6106575615
390.26469166666664,334516.2556803104
