Time,Cost
390.38986666666665,380801.88143296546
390.72882,349577.71721489914
376.7638,385889.1691789503
387.92667539682543,382605.7249288241
1047.2563133333333,312357.77318968275
439.5794777777778,320406.72386325774
430.477313030303,324578.46980831894
423.951913030303,327804.3518276371
369.4161077777777,392409.1901333444
406.76968636363625,328228.2512853391
477.99956000000003,318970.6366231568
364.5545961111111,393570.72084521304
