Time,Cost
447.14430000000004,368406.09034795105
838.157187070707,343600.7417472224
468.45556777777773,355090.4389819338
470.3730344444444,347549.34362800175
440.47267666666664,382639.21171805204
496.34220666666664,344187.4118531604
384.2341666666666,399681.3159130843
381.7146413419913,401837.2659862986
415.64794,393072.72147836216
391.07994285714284,394538.21118264785
435.2868646464646,392959.2483295995
717.4365333333334,343643.59249488474
447.28698484848496,366840.4502625325
