Time,Cost
329.0789161111111,334221.1664319698
524.9904409523809,295171.2910823305
434.74756333333335,304244.2803905845
385.2451988888889,311839.73682780325
355.7167666666666,324018.7422983119
365.88309818181824,315275.0079856422
363.5889299999999,319088.4477124099
