Time,Cost
297.62347,298854.1783125074
406.6816955555556,292954.08853983413
359.78486,294319.0947130881
346.46404555555563,295373.7390940009
367.68913999999995,294215.9158731675
378.68377999999996,293846.12723983417
316.1462577777778,296574.1727319555
300.3075944444444,297499.7291009453
406.49591777777783,293072.128412309
334.8922855555556,295684.40464400087
396.4306855555556,293254.7630076372
344.9575177777778,295455.7055075326
386.5880599999999,293675.54291011195
329.4147377777778,296079.9309953898
299.37228555555555,298019.91938233416
320.9796777777778,296330.13923788967
322.4862055555556,296190.342160112
394.02743777777783,293578.55881205644
361.33585999999997,294253.8794842786
311.30055555555555,296710.63810197706
307.3779944444444,297160.5831412231
382.9764277777778,293767.06121092004
301.50858,297279.38962728006
310.1438444444444,297118.1449384453
298.40887,298423.6903326372
332.4890377777778,295962.4430378897
297.7690377777778,298664.6659206423
304.0734444444444,297252.86528700235
298.72815777777777,298146.0746545024
297.86968,298451.6882956423
310.2375177777778,296939.5787037231
332.9473877777778,295925.0902995564
394.9032577777778,293410.5271920564
394.9865577777778,293263.4347287231
333.4481577777778,295765.8885953897
297.66592,298780.2973761979
380.3061133333333,293775.28038011194
394.5481877777778,293485.6958878898
303.66858,297274.521916169
298.79055777777774,298140.48274008674
380.23478,293811.4621545565
310.29991777777775,296872.75861031044
334.0922855555556,295694.0319323342
394.2132155555556,293552.8464416776
310.42329555555557,296799.2563441993
310.9440455555556,296783.2649462231
333.51055777777776,295731.6673753897
321.6862055555556,296197.6254440008
321.04207777777776,296265.44886150083
345.9432955555556,295418.87421308813
346.4016455555556,295395.74850114377
321.50042777777776,296242.39696592005
345.6640455555556,295437.64638233423
321.4380277777778,296253.08406092
310.88164555555556,296795.8795412231
345.1432955555556,295444.30870594527
345.4782677777778,295444.1102606675
