Time,Cost
33.11173777777778,17810.888897979796
