Time,Cost
42047.367,6.877279142863065E7
57461.98915000001,6.177247585359869E7
48358.945,6.700024821973621E7
56930.42626666666,6.423374688331773E7
53437.2274,6.501273211441105E7
49003.6971,6.528708994929401E7
