Time,Cost
50059.71244,8.335896410373986E7
97569.5797,7.231794531924689E7
72710.44653,7.262762326418783E7
52774.27291,7.866696974267626E7
55986.11120000001,7.433354185894115E7
69940.0855,7.412747361700037E7
53772.146248888894,7.574522607824704E7
53447.03810000001,7.812303210249348E7
71228.80396888888,7.292402282798009E7
