Time,Cost
488.863886,587716.2550598592
523.3745634747474,532977.4540887885
532.9874440000001,522525.4678848221
598.9736528398269,520203.3962116996
493.4351914242425,559446.8490104501
502.861094,556850.6364275289
506.3359004444446,552700.2736131576
512.8215386666667,537652.5723223068
695.7052830909091,519417.9935576622
496.2864808080809,558298.9484382423
509.72206400000005,550979.7273766311
717.265376,514297.64061840175
