Time,Cost
36.5687698989899,14280.725086969693
23.428720000000002,14935.131089242419
29.176433838383836,14376.222586969694
36.26105272727273,14284.28064252525
25.126453333333334,14545.655528636358
24.93165,14822.04546424242
28.03865606060606,14536.793792525248
24.6783,14822.678839242419
28.437033333333332,14387.825434191915
27.51860606060606,14536.92380502525
25.329753333333336,14537.608236969692
28.65638383838384,14376.352599469696
28.640333333333334,14379.778142525249
