Time,Cost
23.428720000000002,13888.16845719697
25.25737722222222,13873.843832196972
25.104902222222222,13881.46758219697
34.35041777777778,13704.2664844697
26.18072,13721.301007196971
