Time,Cost
362246.1242,3.839968285212793E8
463052.6273999999,3.697637202279055E8
381456.336,3.83690675028854E8
311909.6258499999,4.228419639798936E8
334956.6386,4.082077842922144E8
