Time,Cost
132562.2650857143,9.344867406784847E7
107384.672,9.901372769579387E7
158542.2834333333,8.970929877610564E7
123655.9534,9.508512222772099E7
