Time,Cost
595112.7762,1.7802549465898287E8
254483.92799999999,2.204292659722333E8
280748.64599999995,2.1352640818116647E8
342148.9631,1.9508728797462794E8
