Time,Cost
880981.8319999999,5.91384375369589E8
665622.2958,5.97203323175361E8
896218.6442999999,5.67459626895344E8
651432.385,7.060695441024696E8
