Time,Cost
565422.282,5.584026513261203E8
741090.3400000001,5.424821602174703E8
