Time,Cost
256.8752952,106697.65035703534
171.182658,113955.63030087588
206.235897,111400.36302592118
219.22409033333332,110887.68902402146
194.91312683333334,111535.83018521829
182.69773600000002,112718.26282074998
160.1752392,117290.60215631666
144.5105777777778,125508.76708397218
150.6450793333333,119794.69669715554
240.98206366666668,109813.3800403414
