Time,Cost
256.8752952,106697.65035703534
171.182658,113955.63030087588
160.1752392,117290.60215631666
140.114884,117889.44627863565
163.2481786666667,115555.55317548709
174.792254,109435.77199966462
