Time,Cost
256.8752952,106697.65035703534
171.182658,113955.63030087588
182.69773600000002,112718.26282074998
160.1752392,117290.60215631666
240.98206366666668,109813.3800403414
164.15397499999997,116478.78322092426
140.114884,117889.44627863565
194.82864699999996,110428.81856937095
194.75205746666668,112278.08349443441
