Time,Cost
8907.652682716665,2157435.429349609
5379.642159478501,2286156.126183584
6289.290770341415,2186886.3426720304
