Time,Cost
391493.58770000003,1.4273331313139352E8
374826.10099999997,1.476640742602553E8
340851.41189999995,1.6980224113596988E8
321149.7171,1.707979567863228E8
344373.8037,1.5466224482896137E8
