Time,Cost
1778.871121111111,1312803.4628811565
2331.694939777778,1175644.9792239375
1974.9245321111105,1218023.0062218865
1944.3510099999999,1292763.4074440512
