Time,Cost
2366.659268868686,1224524.5495689623
2136.6750963333334,1447712.2864038132
2177.384855656566,1442388.1213201021
2241.3867295050504,1412060.5279737988
