Time,Cost
455650.0,1.0846309683272283E8
317680.0,1.1011590119047622E8
281350.0,1.1167264347619046E8
230286.0,1.149197488034188E8
221235.0,1.2295017700216451E8
221100.0,1.2727376789393939E8
