Time,Cost
170891.0,1.1669302933893558E8
334436.0,9.65089278095238E7
178200.0,1.1517328555462185E8
166952.5,1.1982721414285715E8
219206.0,9.739115029258323E7
331200.0,9.674968171428569E7
190586.6666666667,1.0010295433333333E8
