Time,Cost
1700.2543704761904,1140022.991577506
