Time,Cost
180060.0,1.0537222874688058E8
178200.0,1.205954883326151E8
180230.0,9.598297842024642E7
336432.5,9.071274234033613E7
