Time,Cost
506.0946407777778,535437.1111020352
644.4707229999999,502880.9729065507
523.9834015555556,513629.81041080016
736.5118178888887,500406.2001689098
521.9427759451659,520305.9284162112
519.1456253333333,521784.3452108704
557.0450239999999,508738.9089114975
556.9969155079367,510265.73771300254
544.1995445714285,511466.54564141517
517.3146743333333,530041.1833632266
562.5835109999999,504643.52606036613
591.0440619999998,503922.0762360726
