Time,Cost
93061.85851111109,2.242234424242263E8
130488.89498666667,2.0300880763765055E8
106161.11697333332,2.112363089241257E8
106306.27802666668,2.0687360592975202E8
116680.75158333332,2.042807809036449E8
96683.87630000002,2.131837618819691E8
93789.20319285715,2.1926770082353103E8
116495.79909166666,2.0639199869794545E8
93790.97484285715,2.1754604451608148E8
96481.38274666666,2.1450508292903242E8
116518.04239833333,2.0575940090143302E8
