Time,Cost
223982.47509999998,2.6390172604446724E8
153996.5946,2.912354266612143E8
173092.06,2.643619852368763E8
161281.952,2.783557820602689E8
217489.12329999998,2.640369703323085E8
161277.8652,2.8857329381594276E8
157471.23700000002,2.9013710968334085E8
155333.53079999998,2.903740015655006E8
