Time,Cost
116168.94643833333,2.4821180399330422E8
141331.326,2.2743015706287026E8
131238.4326444444,2.359705264313499E8
135280.6462,2.2936414304423067E8
122978.2732,2.3720248201956543E8
117741.23199999999,2.4060479841188416E8
117308.60519999999,2.4311154953300825E8
