Time,Cost
1073.3294611111112,713811.8913646614
1466.9062544444446,658595.427688611
1838.8555999999999,637792.5159553286
1239.9633550505052,685639.3670536617
1795.8070666666665,653779.1288130587
2074.6503999999995,589093.3595797478
1359.70987995671,667241.118287211
1913.5596933189038,625794.029372612
1834.2306388888887,645972.4910442965
1459.1540944444446,662055.871207273
1473.5311992929294,653996.5349450324
