Time,Cost
1073.3294611111112,713811.8913646614
2074.6503999999995,589093.3595797478
1359.70987995671,667241.118287211
1913.5596933189038,625794.029372612
1364.2411633333336,660200.3998314643
1237.0664455555554,685419.5500871176
1419.9084391774895,627821.9495222184
1358.6405672727271,668445.6647374494
1132.2898388888887,710789.2319337124
