Time,Cost
118048.3764,8.339258131639804E7
106704.908,9.932321246510105E7
110845.20629999999,9.746805806650987E7
104435.92266666667,1.0551016882976069E8
