Time,Cost
157021.1815,2.2168131249870804E8
199498.9555,2.2147170831120753E8
218060.83007999999,2.2052498105804133E8
152064.95708333334,2.2682802764269114E8
147589.5792,2.3513124753245103E8
