Time,Cost
847.3203494978353,900949.7396602392
1326.1840349227991,732353.9221405806
852.9348208724081,786919.9154039987
851.3698068888888,897215.8500087259
1175.4965967409817,732893.2585602925
1006.6346656666667,786032.5562958447
1051.9315054941521,753317.4790723975
1008.3356932121211,774828.3973938593
1141.6779676608187,745145.0030834206
1085.5299896746033,745802.4275228218
