Time,Cost
1641.531430089466,681545.9229285762
694.8128228628391,815394.8914158104
867.0230599999996,690313.5754109425
734.9704496666666,772641.5487686389
1543.6722442597402,685484.9546352174
1201.1141128802308,690312.0708127783
767.4373848888891,734704.5134161727
857.8306546666666,722617.8424552118
729.0282880000002,799832.1401861275
1234.228436712121,685841.8499414808
796.1239199444445,730506.6820311972
1632.4408121385277,684081.9894798638
1232.577305823954,686021.3919880966
