Time,Cost
151.143319,115368.10923949313
149.207746,131689.7694913384
254.28382340000002,106961.5289920467
160.945385,111623.03539625023
208.47974599999998,109599.98891410556
