Time,Cost
154.81027411111108,129713.7358581789
159.3044253333333,125628.33903336435
160.69358306060604,120027.6823416048
287.915382,109629.63566092425
156.804261,127255.80462553432
248.6810808,112307.22043941362
206.28951946666666,112755.18049583204
162.59075273333335,114468.44301372023
392.8514503999999,105085.17722071466
175.358854,114274.79107058409
162.24439899999996,118989.16914682939
160.37274599999998,122845.88176529897
