Time,Cost
287.915382,109629.63566092425
392.8514503999999,105085.17722071466
339.74652949999995,109621.05252356947
151.41987777777777,114061.51249545964
182.8831222,110813.74384706665
164.57660533333333,111550.821196301
257.74376053333333,109654.96066552779
