Time,Cost
9454.666666666666,4776437.331214537
8784.0,4893562.790562379
11495.111111111111,4473163.488400488
