Time,Cost
48.112445,12092.010457539682
48.365795000000006,12091.507582539683
25.80444,12503.139855158726
22.15542,12811.567503751801
47.12532,12106.475877994228
31.34333714285714,12242.366455158726
26.817855555555557,12442.323692640688
46.871970000000005,12109.468530772003
24.35133714285714,12598.247351875898
39.87997000000001,12144.4632237013
25.002079999999996,12526.036859812406
28.591337142857142,12277.283121825396
27.60280555555556,12375.28452409812
24.23028,12605.759861994948
