Time,Cost
24.329555,12775.081920418466
22.15542,12884.895246212121
27.762805555555556,12443.50444314574
22.307895000000002,12819.86917041847
31.66333714285714,12333.705858820342
29.510805555555557,12418.034615367962
31.34333714285714,12335.660317153677
29.932370000000002,12408.29469909812
26.3408,12606.279337590182
39.87997000000001,12219.777154256855
27.60280555555556,12478.017754256853
24.35133714285714,12608.755192784987
26.817855555555557,12499.131920923519
