Time,Cost
34.91323333333333,22156.289844877345
35.81661666666667,19491.346344949496
58.71072,17499.75658145743
49.68910333333333,18891.808395988453
35.49916666666667,21573.394425000006
