Time,Cost
12087.15375212619,2054835.2570737216
6337.427154646605,2346243.582599545
8303.357147533334,2110261.316974151
6608.0426671686855,2130336.6930141
5753.449192247979,2727359.194818205
5958.375824695959,2392699.735889347
6413.806496990185,2325587.3374660863
