Time,Cost
6337.427154646605,2346243.582599545
5747.124998496248,2378360.176064192
6891.182306155557,2032382.942271047
8268.416921689175,1980739.9202885658
6379.168243497185,2073811.6406040054
