Time,Cost
6337.427154646605,2346243.582599545
6608.0426671686855,2130336.6930141
6413.806496990185,2325587.3374660863
5747.124998496248,2378360.176064192
6891.182306155557,2032382.942271047
