Time,Cost
1051.2486704704183,1021860.5772304608
1470.9739551414143,808150.8481129378
1095.8125150259739,928467.9495055367
1366.928260331169,820653.7305033762
1225.5110128448775,831545.3693314521
1153.4404913896103,860980.1506540368
1198.9422939444446,858589.7551384011
1452.3826102669552,815861.1904672643
1151.4309805252522,907943.0058409688
1133.399086209235,909940.5570031786
