Time,Cost
344964.0,6.49456123623468E7
159198.0,6.719790049746819E7
