Time,Cost
173487.01459999997,2.2168655465655944E8
125559.16899999998,2.3632655875452748E8
224653.81809523812,2.2158668360491905E8
155580.5157,2.2758457648990119E8
126539.31959999999,2.2783918631690592E8
207858.25801555556,2.2165246258488587E8
161712.74277968254,2.2612075785155943E8
163668.69509999998,2.250990015517968E8
125909.6961,2.3085693225822124E8
160843.8896,2.263903601331643E8
