Time,Cost
166567.2142857143,6.463296643331178E7
154889.0,6.576868288434606E7
171217.0,6.250885813747364E7
