Time,Cost
693518.217,5.747643959946705E8
643596.5438,5.926567197229215E8
720862.926,5.57268736971746E8
