Time,Cost
41257.43230313726,6.4604757378543906E7
44570.1868,6.355632038985212E7
48637.878535714284,6.199175872240212E7
40736.23968313726,6.470977976918282E7
45188.44560313726,6.345698732388956E7
45575.824603137255,6.312271408118545E7
38782.5175,6.692810575040589E7
43393.726383137255,6.39575594209347E7
57268.67274666666,6.132023520188612E7
54180.227535714286,6.1427788788052775E7
