Time,Cost
3868.106524222222,923809.5140420349
2333.480085111111,937202.3919718638
1718.93120120202,953175.8716536926
