Time,Cost
1108.090086111111,792176.3021615045
1957.9375656637808,710136.8242633448
1772.0834617698408,715767.3987035346
1116.4888072200579,754848.0551832098
1337.6821993867245,716739.5459771644
1198.620371,740264.2002430683
1284.5953892222224,723759.5686282306
1205.752823555555,729010.297996601
