Time,Cost
1300.6220006666665,593448.3263087339
725.6683775627704,633661.6064698498
802.9552436666668,627896.5722840228
1074.738707111111,594253.1422417364
815.5861244646467,617953.0482469732
964.6265290555556,600469.0130020453
996.4665358809526,598129.8850849412
874.0071156111111,615755.7306107113
897.25942,611010.5126043897
1020.6632441587302,594286.6130588007
964.0374700454545,606740.7946839684
859.79751,617826.6598179417
912.185330111111,609018.6967063184
945.7785996666665,608163.6530746889
