Time,Cost
346382.12140000006,1.481323004690482E8
539573.6808,1.2840249641356693E8
271690.15847857145,1.4839184532845315E8
