Time,Cost
331800.1278,1.7303484017313924E8
346382.12140000006,1.481323004690482E8
341439.5742999999,1.711969720182791E8
539573.6808,1.2840249641356693E8
