Time,Cost
203813.0,1.1676010661904763E8
183977.0,1.256740550854701E8
245020.0,9.95888263974359E7
205638.0,1.0944683510234863E8
198610.0,1.1711936994690603E8
