Time,Cost
245020.0,9.95888263974359E7
205638.0,1.0944683510234863E8
174865.33333333334,1.1624873898412697E8
257440.0,9.16028785873016E7
