Time,Cost
142712.84199999998,2.274977713166693E8
142476.062,2.2821375541396564E8
143764.22199999998,2.257851671662982E8
134500.56118858364,2.2850413763495305E8
165362.03392,2.1654541992166713E8
146920.5742666667,2.2222998548941007E8
147090.37042857142,2.191880084746365E8
