Time,Cost
691116.8705999999,5.602008792303442E8
583347.444,6.143175342037021E8
