Time,Cost
691116.8705999999,5.602008792303442E8
583347.444,6.143175342037021E8
837123.6244,5.582358548239012E8
606277.4982142857,6.136728760225993E8
622996.2400000001,5.848981306164241E8
