Time,Cost
106948.03563999999,2.1804717639208505E8
224648.49044285718,2.0183475711810187E8
139193.3868285714,2.0315177803707752E8
136897.04605,2.0443131254217193E8
127079.57,2.1169331161807314E8
119831.16739555556,2.131207425794682E8
123642.09400000001,2.119738256981E8
