Time,Cost
7946.0,4849405.058823531
11605.511111111111,4428067.068914747
9344.0,4671234.174603175
13642.4,4417920.406926406
