Time,Cost
766.7420054444445,554584.9125900659
548.2840471212121,691327.0621925861
577.540141861472,596927.7681157247
576.6389196666665,655610.1187529821
641.0527705555555,591218.0726754987
570.3079897777778,665395.2807714503
722.1455298888889,561850.4938051839
667.6327444444444,566378.7513341217
646.9551994444444,586284.2835202509
730.9649693333333,557064.5324680496
664.2334904444444,570141.796615351
570.5105220606063,655649.084787528
