Time,Cost
237245.3819666667,1.56688997472653E8
329731.76719999994,1.4583576854480043E8
189985.10655000003,1.687964435358226E8
