Time,Cost
536.7864766666667,350515.48741712497
504.96623333333343,350799.95659810986
597.71423,349392.507645278
600.8822299999999,348223.9629369447
385.01822333333337,354612.70945841644
801.7300866666666,342456.8431237626
669.5653733333332,344137.4963332864
779.8376399999999,344048.8667898485
404.96756,354138.94887978
457.85344111111107,351702.72063404776
631.5531666666666,346451.4658972872
631.7219166666666,345186.75401117606
