Time,Cost
132328.141,2.51596412161136E8
172137.459,2.2916371096874982E8
137388.18739411762,2.3391818740633124E8
164559.66149999996,2.3327382342529103E8
134682.71658222223,2.4602191629637414E8
132942.9683,2.4946785202228603E8
