Time,Cost
1253.0710648888887,666146.9882089397
740.1095481616162,729846.8313349857
970.6365674963924,676252.8442976496
1222.7180186666665,675848.8463078529
874.8136577070709,704902.4062940336
810.4795587878788,724403.9808138771
956.998254063492,690243.8614530453
911.7692920000002,693989.9762106466
868.2419462222224,716474.0176184333
826.3454601111112,717755.1899100351
922.5634148421049,690679.0241894121
