Time,Cost
156910.32003571428,2.3832732177022153E8
121795.13845000001,2.6458545589286077E8
127997.05039999998,2.480292804597318E8
121799.25165,2.5404255339518547E8
127640.88775000001,2.5250281896952158E8
163693.9936346154,2.3808166061799023E8
130548.97911581195,2.4447929330180973E8
151402.12353571426,2.4251965300288635E8
121792.61290000001,2.684426137296773E8
148673.873817094,2.442550109726191E8
149893.4297142857,2.4361515601968956E8
127419.2843,2.535038519175095E8
