Time,Cost
610.5111384848484,448194.8285496465
594.6884519047619,546726.2724396357
778.0704888888889,436255.5645217171
