Time,Cost
881.3951003189035,644890.7443943446
927.5716838730161,599776.4923150986
934.0160263333335,591119.1595801293
1089.0939780303029,573227.6274886066
970.6452172222225,582996.2013705764
1048.527198919192,576231.9735467959
889.7781006666667,629770.166588048
883.0641064444442,632439.786804361
910.7863908253969,624782.405686019
914.6947419999999,607889.3572441953
1575.3453116666665,571553.5730363642
1629.97645147619,568564.2264284391
