Time,Cost
1723.2864805873012,549292.1974900969
845.8948636666667,629205.4316580786
1250.2506054444445,557067.0393869556
845.3886666111113,631984.0971192869
846.4159741666666,604633.032342565
834.158584111111,637885.6753509684
838.2927722222221,634081.8446670292
834.6065841111111,637568.2088687943
940.6510356666668,558426.5140161224
924.3071676767678,583216.6304676048
912.5878910606058,602247.9198537205
