Time,Cost
8208.666666666666,5139428.285714285
11496.0,4748681.93320405
