Time,Cost
298920.16599999997,2.3975463847714955E8
301314.04799999995,2.2947884168112794E8
336418.162,2.0049250987030706E8
322418.21709999995,2.0586321343203568E8
291061.61,2.4431704349403715E8
424641.23189999996,1.984127071083953E8
309146.64599999995,2.185562026435648E8
472630.983,1.945920070540011E8
