Time,Cost
322418.21709999995,2.0586321343203568E8
239688.993,2.3835657603724527E8
333671.01479999995,1.8665104128588572E8
291061.61,2.1670497326349455E8
