Time,Cost
298920.16599999997,2.3975463847714955E8
301314.04799999995,2.2947884168112794E8
336418.162,2.0049250987030706E8
322418.21709999995,2.0586321343203568E8
291402.072,2.6319812760315287E8
