Time,Cost
327533.5468,2.157978518202079E8
325640.68799999997,2.3037382957278043E8
357858.0,2.006132638943126E8
357857.99999999994,2.118552861069907E8
298920.16599999997,2.3975463847714955E8
