Time,Cost
680507.5094,5.04845564136202E8
722408.8638999999,4.8931984661991763E8
