Time,Cost
626493.2036000001,4.8332201915534246E8
565147.446,5.441575815095675E8
