Time,Cost
579.7260683888887,579144.3763245154
1355.6771721111113,509522.9859407014
1021.4630232222222,515975.1934469853
673.8605641825396,520702.801924929
966.2710373333333,518698.4930729417
581.750727,560433.4612683061
590.4251949999998,553639.5051885409
612.49489,538406.0396381519
581.1741141111112,578023.3764103969
663.8521571212121,530766.7177157043
649.2215135555556,534689.7473724557
630.6588913333334,537652.0177146778
