Time,Cost
513.7240327828283,572712.8387407558
858.4855387777777,479446.21778343327
535.8168543333335,554003.5220462959
545.8173675555557,502245.1321017323
698.5273837777779,485403.8495972984
778.732825,484346.2151479341
537.1477476666665,522039.6262442845
607.0681983535353,497287.2672393822
814.9640190555555,482551.77424778265
648.4930039999999,486560.04641123523
539.5780622222221,521982.1148585681
633.2517029999999,491352.66619289457
628.8446644978357,494327.52548707376
