Time,Cost
201.9972151111111,200010.66339772483
1038.564456,160935.39527701007
203.29818257575755,194858.31911670452
205.42569600000002,188947.73622308587
925.3121679999999,161807.50604648984
235.73329999999999,184560.87358668167
243.645532,180307.49941601264
1035.017256,161412.1373724899
279.47418,176840.93788615652
261.43500000000006,179281.29014649754
563.09758,166407.43135585854
231.781858,186548.94840706306
587.71368,165765.94552299983
511.94234133333333,166897.57617864638
456.23256,168474.0840691035
425.09473199999996,168909.47267410596
205.966984,187643.79196950502
697.3057439999999,164495.1128111969
652.476568,164943.01515563123
378.336372,170397.63023535348
357.000612,171281.50994106053
900.048984,162270.96313234328
806.1442599999999,163076.43140880807
632.875176,165550.20941047976
471.24842399999994,167385.6174395403
872.1498280000001,162345.84284441918
833.538204,162798.66196234844
495.12875199999996,167303.49032351002
307.61916399999996,176196.96363821218
415.55519155555555,170231.45710861607
713.9441879999998,164322.80513427782
853.3361959999997,162759.8664048939
784.1872279999998,163491.6126358232
322.20163999999994,174812.4634601262
314.45502799999997,176112.84384069694
404.256928,170261.70569387113
342.5029016666667,173738.6103832034
346.35450099999997,172848.8809347928
758.5884399999999,164198.61921856558
339.7595826666667,174196.68097269186
741.942696,164311.10753776255
639.1649079999999,165181.59366305036
351.793104,172181.6390047727
324.28800800000005,174454.946017414
774.4099839999998,163986.52467569694
778.3229560000001,163956.58904879287
350.86429599999997,172496.277621808
746.2415919999999,164301.60440337108
