Time,Cost
412.2525983333333,108476.43489520681
162.92059226666666,119026.94919731715
252.93508586666667,109404.82637927044
154.95984376190478,122676.2110177051
163.8308,114677.24230235754
222.33612742857142,112091.7680849405
190.52344100000002,112597.2996620535
157.0164255,120703.06480630075
240.5650638222222,111837.54922064998
