Time,Cost
162.92059226666666,119026.94919731715
163.8308,114677.24230235754
222.33612742857142,112091.7680849405
190.52344100000002,112597.2996620535
151.89229799999998,119684.36848408233
224.3025157,107348.52269726213
