Time,Cost
119087.37906666666,2.385988419602519E8
129611.55141333332,2.2982304086697268E8
181581.7338,2.2565947557772702E8
137713.61473418804,2.2914462366493037E8
150213.1072,2.2574039108866668E8
185824.4376,2.2440754570263702E8
111846.92144,2.433611100771E8
122645.19844363636,2.3072708239427075E8
138535.7065837607,2.2658085361139074E8
144139.82496,2.2595419644380748E8
112753.07467999999,2.3958192253527302E8
