Time,Cost
42471.2008,6.620986049798584E7
109933.35871999999,5.748450343397135E7
67146.46863555555,5.777565761023928E7
44946.77189999999,6.281166580951293E7
48813.53799999999,5.829606683726342E7
46151.3146,5.94622618325645E7
45638.00822857143,6.16609194595857E7
