Time,Cost
44996.91917264957,6.615913682702469E7
87606.12293777778,6.11860988306394E7
53018.750199999995,6.360995871846631E7
53276.42009999999,6.231677074110194E7
73805.79373333334,6.19165556828188E7
75067.41567111111,6.1292371375958204E7
