Time,Cost
55912.9866,7.91758677657033E7
101063.5988,7.218486842749672E7
77544.2469,7.324307912034142E7
70399.48027142858,7.537946174361877E7
61981.70522,7.793886240519282E7
62467.921350000004,7.657470669187619E7
64820.18620714286,7.572705186476494E7
