Time,Cost
52932.8411,5.691973662525856E7
48610.17874285715,5.744349092545377E7
49025.15317333334,5.712192896857283E7
