Time,Cost
5413.781666859523,2658207.779592828
10152.234365445887,2037239.8275471337
6092.257955934489,2091705.2166248355
5586.330534744587,2302797.970382058
5852.008759740982,2115873.852509601
