Time,Cost
146123.60109136364,2.4208921689678353E8
156583.98806666667,2.4196092706976622E8
203510.32656000002,2.3519570549146906E8
132505.306,2.4917764333873707E8
175223.8444,2.3812719890912277E8
210022.11006666665,2.3368740938958606E8
199124.26064000005,2.3648973061261645E8
182314.8724,2.370904620476576E8
