Time,Cost
2048.120616,1234319.4240233344
1831.5178405555548,1394950.4162772628
