Time,Cost
2048.120616,1234319.4240233344
1831.5178405555548,1394950.4162772628
1883.6987672929292,1314292.1379283129
1985.318859,1249692.147738891
2236.2898788888883,1192656.4021028497
