Time,Cost
1973.6763384444441,1499285.3540620336
2048.120616,1234319.4240233344
