Time,Cost
102621.74970634919,1.955628203511806E8
252090.59880000004,1.9383484696837854E8
162961.52304666667,1.938972792916603E8
137337.7597785714,1.948759134425923E8
