Time,Cost
97300.36026666667,2.102365966777132E8
181715.0284,1.8607800693525636E8
101782.45449999998,1.9284752166863722E8
157967.72613333332,1.8781075544066206E8
122934.83633095238,1.878268033331246E8
101188.3488190476,2.0300425370400682E8
101327.7687790476,1.990544448730354E8
119917.0288,1.9058347438014168E8
100845.50486666667,2.0999029239967662E8
165304.55229999998,1.871992184864509E8
178738.81194222224,1.8642667294333446E8
122730.31829333334,1.9016106954286832E8
