Time,Cost
1849.5677578238094,1137251.709073337
2656.349113463637,906953.8496902873
1944.1972206722216,977284.8601618159
2230.360626122222,935817.7610963942
2471.574838452525,932436.2649384238
2134.311524379799,957469.2087220895
2613.8471802353547,931822.4567182416
2045.5801635111104,968372.0576825463
