Time,Cost
472.9525888888889,540048.3709122867
482.8195025555556,533656.8619643343
525.9517517777778,510951.1483917028
502.92005411111114,520215.8927475745
509.62735733333335,513948.1783024345
483.6343566666666,532166.3235994717
465.95898034632035,546845.6388000972
490.222875,522122.57565499825
515.0103298888889,512437.0280319786
532.4708495627706,502536.73998345353
487.85428888888885,525770.5323302282
535.0159106666666,500678.77255315153
