Time,Cost
39.103786666666664,18769.209787402597
34.26852,21797.36242449495
