Time,Cost
161.75599461111108,118376.43806591921
487.16676399999994,104367.41159467172
238.3706577,107052.21325777075
352.6178085878787,105256.99964337978
345.29144692222224,106243.20000427777
165.45698000000002,114506.43822202978
208.9132087,109760.47546682775
184.44291399999997,111759.74188336112
162.58460444444447,117310.01211583837
206.98453600000002,111735.584193054
