Time,Cost
24705.692226666662,3.437033728828604E7
24685.74487111111,3.5109946429740004E7
26341.49528444444,3.2680020333667472E7
68005.22893571429,3.2205387390107524E7
24685.00169333333,3.520896828479568E7
24686.488115555552,3.4401881237660706E7
26452.557608888885,3.2562922974203583E7
25053.806275555555,3.299185494783532E7
24685.001026666665,3.683818664624253E7
24743.647297777778,3.3042124287858285E7
24743.575986666663,3.386716993154644E7
25040.797142222225,3.302981733031311E7
