Time,Cost
1278.5563225111111,832628.5429810534
1116.6995573122656,922277.2789641408
1666.7545984160174,826836.7535940037
1423.7429227484847,832230.9577339548
1191.1866662555553,838596.6131289043
1629.3043627444445,830524.8351438052
1187.5105996333332,861458.5339216128
