Time,Cost
17404.0,4976036.021031256
9780.0,4997047.282913164
19048.0,4791497.882604323
