Time,Cost
8081.5,5085146.503088416
9590.07142857143,4823320.261904762
13906.5,4764487.5696525695
