Time,Cost
1169.1418101555555,854291.1246359808
1809.0908521000003,769437.5383898991
1489.5480257012985,792831.1586893868
1317.3631087969698,849743.0583456568
1753.7835638272727,787470.5884410447
1393.9981325251083,832017.104037946
1471.9573113777778,818994.0288670583
1401.6056498349208,824010.9822301618
1425.2821331505052,819995.7868154068
1805.7516677959595,781944.629288801
1770.496477771573,787127.8846790836
1804.4128372888895,782989.8957069609
