Time,Cost
1419.7745188730162,932257.4565691404
2585.5430654683983,849853.3935346997
1968.2858366066382,853286.3193562018
1472.2747497076482,917106.7862763602
1675.8488961090911,881324.0585369258
1579.3673205181822,909859.3938954133
1916.0733681797983,863472.8556829911
1602.9180746666666,896613.8405365509
1879.5019955155844,871087.7958283211
1595.0637801555558,897988.3599700507
1808.9777724933615,877752.9438680155
1811.0695855132758,876001.327960205
