Time,Cost
929716.4034,4.3627593634745806E8
964859.7174000001,4.020435314647204E8
559005.249,4.741071209306317E8
676775.4132,4.453453328405219E8
