Time,Cost
118438.31219999999,2.3293657146444458E8
184208.23680000004,2.1143640701131797E8
171473.21745333332,2.134308237673621E8
127699.8724,2.2881527005976698E8
160226.81240000002,2.1639949254748112E8
129412.3192,2.247682060339678E8
137737.538,2.1944964401636952E8
131371.51424444444,2.2117370287712386E8
148698.7515942857,2.1837365287887743E8
153037.90448142856,2.177315731276585E8
