Time,Cost
1766.0942704733764,1251658.6334103649
2856.0614776370858,936275.2214897875
1793.9512499243865,1123132.5742393492
2347.9745610111113,974803.4687545976
1921.505982197836,978583.2054782594
1849.8099578803028,1021375.7610926456
2605.8398930666676,948774.9986621924
2551.4412362848466,961101.3040811907
