Time,Cost
2742.1871876999276,857854.1793239955
1217.6441288333333,977340.1465048816
2113.2295613222227,857901.7269537173
1741.1738361619045,877887.7714364423
1575.2699976999997,902485.7026038248
1793.850780691919,862886.2067679549
1236.890767989538,943857.9061234439
1433.2090047146464,927105.7262016014
1510.6092525545453,913369.729145624
1365.4491603536794,942032.6669260603
