Time,Cost
147104.0675642857,2.843276893458344E8
201599.41918333335,2.661306418143883E8
158700.05399999997,2.766886619187088E8
180130.68956428574,2.747108861014636E8
189556.55631999997,2.7210211967095995E8
201382.15207111108,2.7076585847765744E8
