Time,Cost
108597.80719999998,2.267769636380668E8
252828.4861022222,2.042662863308622E8
203031.34322666665,2.0536161715947154E8
146614.20745333334,2.1013341745980334E8
123269.47479999998,2.1911101888831007E8
122918.38892166669,2.2661748377253708E8
197120.75058222222,2.0898703998737267E8
129935.0238416667,2.1700198136383376E8
131587.40586666667,2.108310572698485E8
199945.57316,2.0883798081052715E8
