Time,Cost
2358.3657554740266,962521.802589044
2456.2774324202023,951819.9380095135
2637.5190863555563,891269.0657935063
2481.609995261328,903807.7727941573
3128.539752766666,879647.2911093269
3575.019587977777,870210.0834927898
2278.603287678355,1043954.0736795267
3079.7885866222214,889355.1124065547
