Time,Cost
804.485990226551,745201.4722728846
1023.4279479444442,683087.1656534248
953.3339748095239,700495.2520732755
840.7781115800866,727953.0303078246
895.6344013881675,704429.8048266716
884.958335,720103.9542971123
880.0421087020204,722519.2853547471
