Time,Cost
1589.8196409343432,847703.5489505149
1019.0308729206351,947177.8700701618
1187.5377817460317,870466.9135367207
1026.315455880231,916944.4839608159
1570.915384161616,852702.3742341383
1323.0300180533907,853309.4409540363
1297.5252482121211,856264.4125130463
1176.4779594285712,901763.3131090639
1097.2703245238094,907136.190161711
1149.419089021645,905860.1985437919
1169.1723316666669,903228.848869785
