Time,Cost
145933.42090000003,1.9992206052235383E8
106491.24883000003,2.2538499523777157E8
114136.22343333335,2.2248816901695427E8
118997.63223000003,2.0971250726494476E8
138735.77668,2.0033020955838946E8
137838.67053,2.062571623531586E8
132394.34711,2.0643094374580693E8
127432.1538,2.0801933006043524E8
122236.92741000002,2.083256451152878E8
129153.4074,2.069099724072231E8
120289.59903318182,2.0872278134723404E8
