Time,Cost
160072.59319999994,2.6049052853295377E8
212868.61845,2.4105271105422342E8
190618.33439999996,2.4959105729851523E8
178832.33116666667,2.5371581344698858E8
188838.66879999998,2.518896405210297E8
