Time,Cost
481.8896372222223,526728.9479242553
708.5763021890332,472696.88175457367
525.1051626190477,507376.03879067546
632.2066147142858,474996.7811528301
536.9086088888889,494627.6312141659
517.9710242777778,519778.4420210651
578.7497116666668,491576.1733933156
514.1983755555556,524371.2819798633
545.2149284444445,492482.8645615163
590.4458603737374,484917.7883072996
620.1678394444444,482544.00475676166
627.1034028253969,481766.29166225676
585.5801196212121,486429.4403121156
