Time,Cost
975.1111466666666,729458.950896212
1153.2445281385283,671898.2578008189
1350.083221111111,600074.1472054261
1222.3704566666668,627484.2050444442
