Time,Cost
40623.19666666667,7.182779585005142E7
78227.00734222222,6.204910560853793E7
41520.3149,7.036308003731515E7
44732.25,6.539308735132389E7
59875.44004,6.2441770763452254E7
50342.96116666667,6.28952566165841E7
58843.62823333334,6.254306778320143E7
48534.28372,6.431157398197187E7
48680.0174,6.313478242970115E7
47287.981,6.506044892530464E7
47411.755515686265,6.487767606491674E7
