Time,Cost
6413.26046604127,2219897.6950091883
6734.138064392931,1916654.2685091498
6657.478505714359,2129814.3865664387
5427.295497250503,2244852.4646078614
