Time,Cost
758.4814611111111,477638.4736824533
830.3063484848485,465019.47334547946
652.8997166666667,532753.8439105487
658.8827888888887,508146.4712069697
688.9971679292929,495259.1949064392
654.2843366666666,511593.114982244
922.3583088888888,456693.3736578752
