Time,Cost
377147.7407000001,1.5680867365423718E8
320597.4967999999,1.5940193491655612E8
