Time,Cost
320597.4967999999,1.5940193491655612E8
665784.0564000002,1.494289915937813E8
322244.9222,1.5264413947544983E8
916261.0247999999,1.4744274050490233E8
