Time,Cost
1534.9605257142855,667041.013449448
1390.1592777777778,703907.4744330627
1788.717298333333,650283.6677276006
1518.1421195238095,683533.9050863276
1510.4165640404044,683642.8475801009
1038.653197777778,706946.5656096466
3356.5789827777785,628777.8634963635
1165.16323020202,704132.8443018397
