Time,Cost
46.85308484848485,18389.242606035357
36.79346666666667,21759.316749015154
37.78092,20617.68451093073
