Time,Cost
45.256119999999996,20904.042924206347
46.85308484848485,18389.242606035357
36.79346666666667,21759.316749015154
