Time,Cost
130146.0661,2.4682889202756038E8
309091.44508333335,2.2767212918866003E8
212799.46029999998,2.292688040422248E8
134556.40617857143,2.375734616181891E8
150081.05120000002,2.323636308762781E8
276278.31885222223,2.2886020757144508E8
145467.26897857143,2.345093288959788E8
