Time,Cost
236840.81279999996,2.578320988430163E8
150120.328,2.8235418253063065E8
182509.89664444447,2.6201829786894444E8
170100.32280714286,2.700220691138317E8
161373.2379288889,2.751276715199231E8
