Time,Cost
601311.4651999999,3.952211281838278E8
563358.8239999999,5.073845565485478E8
