Time,Cost
1755347.532919231,5.122213108281923E8
686931.4852000001,6.103426922416241E8
758966.7057,5.1498020299391097E8
689002.7285499999,5.527847206907997E8
921438.2105999999,5.126176331655972E8
