Time,Cost
719875.0388,5.119096950513889E8
592277.781,5.270745743435152E8
917268.7477,5.1047562753055173E8
