Time,Cost
133030.5595,8.789351248473084E7
95627.88846666666,1.1445012418558763E8
126407.5963,8.852452315144613E7
123784.47829999999,9.969188416497712E7
193501.9668,8.753666089441656E7
113321.96480000003,1.0323488130632989E8
