Time,Cost
133030.5595,8.789351248473084E7
95627.88846666666,1.1445012418558763E8
126407.5963,8.852452315144613E7
123784.47829999999,9.969188416497712E7
193501.9668,8.753666089441656E7
104181.46200000001,1.0049577089931136E8
202656.3399,8.499385181631716E7
