Time,Cost
95627.88846666666,1.1445012418558763E8
126407.5963,8.852452315144613E7
104181.46200000001,1.0049577089931136E8
116684.12859999998,9.310825965356871E7
131085.93199999997,8.478061028319211E7
