Time,Cost
112535.07920000002,9.383630159063827E7
111289.09400000001,9.69101974111675E7
87436.11239999998,1.0662687816723049E8
127519.10889999999,8.172657677002478E7
124516.97505,9.111504065248562E7
109726.5208,9.866735635104351E7
