Time,Cost
24861.897137777778,3.6481598446123295E7
56097.38160444444,3.4746897343569845E7
30601.27175,3.510567880945319E7
25111.475599999998,3.569909045484653E7
26664.220000000005,3.530308961126628E7
