Time,Cost
61597.3889,5.926771140754627E7
39762.0,6.818504826906513E7
54939.809700000005,6.1518941151357785E7
46235.136,6.520068665349518E7
40412.785710000004,6.569462270088397E7
47580.01632000001,6.2669233469669655E7
50500.092,6.220619445711684E7
