Time,Cost
52733.88876666667,8.18063928793108E7
109879.61940000001,7.149902333608574E7
102583.55426666669,7.261985130917463E7
80718.46566666666,7.2851769208174E7
54114.404,7.897335817056802E7
68459.33732285716,7.297230324890512E7
58009.72415,7.724993243562736E7
65395.86,7.478853253587484E7
58630.885599999994,7.596325761278526E7
63107.53899999999,7.53788709121796E7
