Time,Cost
10538.666666666666,4542486.007215007
9624.0,5429492.741291389
10104.0,4635950.727537168
