Time,Cost
563.042586984127,544110.5786253683
663.53746,418074.9935471609
646.4130533333333,476161.4877365909
617.4743952380953,497308.4216650974
