Time,Cost
592.5236851919191,595884.2467877317
854.4040831746031,551476.8418807178
765.1710620303031,557566.0562573692
728.8908388888889,568668.2052231036
647.5739696666667,585966.8112713768
698.8510939999999,579388.8210088495
641.2779327777777,595649.9899856728
728.8018023333334,577727.272139268
718.6804050000001,578374.5085884413
