Time,Cost
3581.5031624494945,2075057.54137976
3443.315947323233,2086655.5359924864
3652.6582931111097,2001145.905054898
3904.995035555555,1725212.7000775847
3800.820834323232,1965367.5005517413
3802.482053025253,1900990.0489073955
