Time,Cost
353.2157901999999,106438.10939047474
221.35762999999997,108897.24889457524
184.06545250000002,109093.88990207577
150.5567111111111,122238.27046157827
151.67366790000003,110324.58764025633
150.76818433333335,119204.69766150502
314.23729119999996,108365.75345972223
