Time,Cost
221.35762999999997,108897.24889457524
184.06545250000002,109093.88990207577
151.67366790000003,110324.58764025633
146.5942735,115537.67515484997
145.777082,123054.23510497222
241.4597168,106127.86647628335
249.31434769999998,105953.41175027733
