Time,Cost
252606.63290000003,1.6800489528723216E8
217745.42779999998,1.7974208838015157E8
323357.19380000007,1.5158413893223393E8
335640.3769,1.492754766762195E8
360836.56320000003,1.4455636299671823E8
