Time,Cost
2157.7295906666664,761063.4401254647
2853.7857434025973,754896.026531121
2201.6582726666666,756751.9161373584
1110.8118736363638,868228.6389738562
1125.2213021176046,866533.9922458784
1168.7243551911977,863659.1346016648
1077.102712598846,870058.0975024297
1117.551521706349,867654.9643283164
1179.7251617712843,783477.5691471032
1178.4024951046176,783944.9909082142
1187.2252884379511,779214.8057687626
1255.783509104618,766759.2022622882
