Time,Cost
1278.5936443982687,834111.6613145269
1317.9337692222225,791891.9247871246
1312.3065024444445,802282.4633858945
1284.0056629062053,831709.3251594808
1265.1871797936506,838625.9299130721
1303.3687381284267,830567.0317231859
1383.3724976046178,788321.455469036
1397.5578552813856,786915.6269150665
1417.9863945569984,784329.9042267086
1411.8365165945168,785862.9503174626
1415.4104575945166,785674.253169473
1805.6696274473306,778632.5595382004
1903.6855378888893,770059.5497071458
