Time,Cost
700878.2412,5.5111249985076E8
636345.5999999999,5.59909326141761E8
565075.2564,5.778377346510892E8
1658854.7319999998,5.451774887858018E8
