Time,Cost
1295.8467944444442,648592.6355505046
1474.3260066666667,636599.79450851
1582.1187555555555,610493.8404252523
1545.931541111111,631902.164337045
1255.4000844444445,650895.2995791414
1104.2300666666667,782345.440979419
1234.1534722222223,706579.8967829298
1118.2317144444446,710919.3907797725
