Time,Cost
1733.1557555555557,631730.2881406316
1295.8467944444442,648592.6355505046
1129.22768,741892.7276466159
1280.5834700000003,728066.9675337302
1474.3260066666667,636599.79450851
1295.7351366666667,722907.253660202
2525.3661166666666,622447.1098299964
