Time,Cost
1615.0908826666664,897850.3565646874
