Time,Cost
2734.990448858586,828701.0029623704
1280.104325131313,1024156.5170294257
1283.9407966343435,938909.3868060202
1540.2226927575757,921644.5660587203
2307.1868559161626,834592.9424661769
1562.4980829015872,893545.5922576626
1909.668671666667,848268.7472345361
2175.6129875793654,845340.3768434224
1617.3367331464647,870233.1347701966
1791.1332396666671,849940.3581395865
1677.5624526285715,861440.66296731
2238.2793199888893,837317.1145834908
1735.1172953910532,856668.7794050495
