Time,Cost
257.347595,208269.10205537867
255.88470933333332,212886.286358211
255.49386499999994,215363.4779052778
326.9190133333333,205065.47204606773
524.515472,198301.85608176154
237.67225911111112,228410.06538539138
345.1856,200431.16514465402
259.5409822222222,205350.31725801266
242.281944,218873.0932725505
427.4911693333333,198877.31848069702
