Time,Cost
1339.2294632802311,990618.4016784971
1567.9536505888886,898433.6285224865
1582.5900626232321,880269.0843276468
1482.9459441141414,913061.3849266522
1358.5998045691917,980412.0157871082
1907.180405629293,873428.2931983168
1915.6972626232327,840569.084173541
1364.087380351515,918031.6102059077
1651.9032244269845,874302.7998837439
