Time,Cost
1673.0122155555557,616095.2300115657
1650.0603032467534,641975.1478518468
1229.929411111111,719773.2738302526
1262.1438000000003,657940.601501313
1467.0042584848486,656308.443499376
1123.939478787879,868174.2599786329
1142.7868433333335,723270.713894394
1127.9678755555556,836071.7776235638
