Time,Cost
3029.921987818181,990309.6624957274
3780.6159351226556,966873.4587652028
1777.0224702698415,990983.1727282798
3260.207069999999,989338.7342703597
