Time,Cost
1777.0224702698415,990983.1727282798
1948.5829693578644,958270.3264891462
2327.765864045455,920215.2565295107
2239.545592904762,922605.2108391185
2005.8111967777775,952863.5233032384
1512.365469111111,1021113.3391918392
