Time,Cost
1777.0224702698415,990983.1727282798
1755.211005727273,1083357.1119608462
1948.5829693578644,958270.3264891462
