Time,Cost
1777.0224702698415,990983.1727282798
1948.5829693578644,958270.3264891462
3690.9356986435787,949779.2915106359
1729.86898231746,1043450.4001776985
