Time,Cost
757490.4562,1.5248654163210082E8
332514.05779999995,1.7877197095684615E8
338426.16439999983,1.6641345940632686E8
366169.0719999999,1.526377409741183E8
