Time,Cost
823.4090800000001,839427.2003943613
1162.3546664797977,697992.5094554143
835.7522082857143,752440.80739259
1052.9168841111111,707191.864808807
878.9717751861472,728562.7653917861
924.8382411818184,726034.8447205827
1019.7095935305688,711385.400569878
983.8769223333333,717774.6690018299
957.0601646111111,718587.8053921566
