Time,Cost
1028.645501650794,934586.1111429262
1192.163815888889,799036.9566767388
1037.7389176060603,860879.4958908954
1077.3891364646463,845226.9611280275
1161.8571541702743,841079.8991375819
1167.4578421111114,837334.1653323629
