Time,Cost
13394.111111111111,2662460.8251813543
5173.2,3131041.7507002805
8444.883333333333,2837245.616138762
11495.111111111111,2756365.5513179633
6100.313725490197,2971802.702470732
6098.980392156863,3079908.4645191412
11713.955555555554,2754783.548552754
7672.43137254902,2937716.6505977693
7832.0,2868811.0317460313
