Time,Cost
903447.2526,3.998229509843732E8
1028301.1606,3.903581660117085E8
548148.4299999999,3.998954868296155E8
