Time,Cost
571284.198,4.078431016946213E8
903447.2526,3.998229509843732E8
