Time,Cost
146335.20289999997,2.2624725738463682E8
145741.4299333333,2.33074471342254E8
140303.43,2.4727871936701733E8
141738.65999999997,2.3593226709779152E8
154745.87456666664,2.2486207062294918E8
157498.82406666665,2.2417279829206523E8
218441.09820555555,2.2415614289695254E8
