Time,Cost
87533.99325,1.9037602088176876E8
88763.71699999999,1.8219159783153683E8
89104.91050823532,1.813004971238414E8
133164.84530666666,1.7429808171160308E8
95091.24974285714,1.7721664545202473E8
91348.2059377778,1.806539630133201E8
91370.25715111113,1.7794014303713512E8
87573.07821333334,1.8576110938849345E8
114311.89600000001,1.7450359801754832E8
141513.81571111112,1.7424674630935732E8
100717.31970714287,1.7458355246323854E8
