Time,Cost
337296.746,2.1051243169552317E8
340287.75,2.0584099637679544E8
242171.0184,2.6487358927244222E8
304839.47,2.1070506857984242E8
363584.478,1.8404607381127673E8
301713.1356,2.1141654522074845E8
263862.8896,2.2456659863359693E8
