Time,Cost
337296.746,2.1051243169552317E8
282153.676,2.616013723188857E8
302069.002,2.3262700618094817E8
340287.75,2.0584099637679544E8
242171.0184,2.6487358927244222E8
432850.16599999997,1.8642940449185178E8
304839.47,2.1070506857984242E8
