Time,Cost
337296.746,2.1051243169552317E8
282153.676,2.616013723188857E8
307342.909,2.1445477881369302E8
302069.002,2.3262700618094817E8
340287.75,2.0584099637679544E8
