Time,Cost
9306.666666666668,4957378.635459312
8480.0,6147384.515585723
