Time,Cost
15808.0,4869140.582633053
6897.6,5122911.345938374
7955.0,4929456.681318682
