Time,Cost
9306.666666666668,4957378.635459312
15808.0,4869140.582633053
6897.6,5122911.345938374
8926.333333333334,5106470.647274295
