Time,Cost
523.5746230000001,525098.0806106364
578.410129,511848.85710580973
501.8381165497835,571684.0766699535
502.6962673939392,529968.3013685069
520.8112112380953,528062.722083974
520.7103232380954,529175.496835791
525.5400066666667,524463.2088406673
607.7753821428572,504057.18522937654
589.6872202323232,511647.9394486908
501.8831545714285,534501.0551718817
525.9292251111111,512813.10935311014
