Time,Cost
116460.91269999999,1.9582861247500184E8
380373.0257199999,1.803543082778044E8
188549.4356022222,1.8407049134705526E8
324481.8857999999,1.8198697033215335E8
127332.94950000002,1.8924576998140678E8
122634.99696666669,1.9460157721572948E8
179355.7764071428,1.8704640901139838E8
358309.88025333325,1.8188530016844144E8
163322.41889999996,1.884370232924764E8
166427.58359999998,1.878577333256167E8
118221.30139999998,1.9504282493879217E8
163326.22789999994,1.8787286578066212E8
