Time,Cost
25136.73047111111,4.123011256018941E7
38468.64472,3.559228848965528E7
33575.47889939394,3.57265584433736E7
26232.36220444445,3.724943970920807E7
25181.38358222222,3.874136654767991E7
25788.19956,3.80995090219702E7
25934.006533333326,3.737593342265872E7
25261.407582222222,3.8402843533641025E7
26019.511271111114,3.725747390818554E7
