Time,Cost
212775.16100000002,8.480539328469266E7
84257.4193,9.613367318873523E7
127471.3792,8.484741166550088E7
118444.51849999999,8.761812277267116E7
114524.784,9.590569307980359E7
