Time,Cost
218412.83400000003,1.6084254528703016E8
411972.8315,1.4377764097381485E8
331230.45840000006,1.4678976324120966E8
