Time,Cost
218412.83400000003,1.6084254528703016E8
411972.8315,1.4377764097381485E8
331230.45840000006,1.4678976324120966E8
274049.3115966667,1.5340712492196324E8
245648.39359999998,1.579774408595122E8
203883.544,1.620216816182902E8
329627.4021999999,1.4939485920737013E8
