Time,Cost
290436.59699999995,2.3161812871065736E8
291061.61,2.2360278023650956E8
285494.588,2.3600400240361297E8
279440.36799999996,2.376343891268438E8
357857.99999999994,2.0991384067998877E8
369991.5914,1.8948138359730577E8
311809.49179999996,2.1370054114630634E8
295280.36,2.2123743821147463E8
251919.474,2.592765307294476E8
