Time,Cost
92598.15910666669,5.635838218777423E7
32849.6508,6.4375616365063E7
77986.60380000001,5.647601261724109E7
56157.80176000001,5.693302839908824E7
35258.759213181824,6.163034917118188E7
36148.127133333335,5.972871118680489E7
46239.897600000004,5.7604530124219716E7
34800.9853025641,6.343565083365255E7
39786.386940000004,5.895908963631188E7
43352.71921923077,5.846514048618638E7
45754.53944000001,5.838792008472448E7
34005.462369230765,6.374315666937952E7
