Time,Cost
70712.69184000001,6.036608962747354E7
39868.0299,6.996982674824163E7
40488.42715,6.42237733970364E7
51523.5462,6.068982687923772E7
66033.53586666667,6.0467170320528746E7
46239.897600000004,6.184271120209646E7
43081.001515,6.2417538233096465E7
