Time,Cost
26849.334899999998,3.7098996576051734E7
82595.62835555556,3.1409500581301767E7
41038.8369490909,3.2128530736014593E7
61339.00414222223,3.1707047834362354E7
62617.38732888889,3.1510948557747032E7
36377.256986666674,3.318131909626414E7
27657.782748888887,3.451553625821586E7
27600.217,3.594260750880697E7
27123.175399999996,3.5958973910704345E7
29855.8006,3.4194227004588924E7
32913.58061333333,3.3429929287018243E7
30882.384454545452,3.373084165619946E7
