Time,Cost
36994.4165,4.400131616692435E7
57319.55746428571,3.879464337940387E7
42794.36949999999,4.291580762426611E7
48223.482399999986,4.126214326473282E7
52513.96119999999,3.979355789009117E7
41873.369999999995,4.398755741672162E7
51662.23939999999,4.122525807893693E7
51964.3958,4.056676423988051E7
