Time,Cost
30947.2931,3.863214395388211E7
60901.998537777785,3.3943829467340074E7
42324.1159,3.533556290958467E7
33939.4496,3.663766783806402E7
39894.71950000001,3.6143425771524146E7
32672.267199999995,3.779041776107119E7
