Time,Cost
949.6591712438671,671858.820197342
720.7391400808083,769496.6267058353
762.8922323434346,700719.8352449392
873.6840312525254,697835.8276334235
895.6077972121209,680464.2868457752
750.8829954999999,724510.0282447444
733.7739945555556,743860.0625075223
743.7140223333334,742277.6739559537
