Time,Cost
803.7969909696968,876567.6460544663
1468.019775060606,731424.3644387021
969.918321701299,732049.4584362827
843.6430683333332,790100.6975495955
922.9395662698412,772006.219943023
842.1505204898991,847945.6590433591
833.0444713939394,848194.762371477
872.9850983131315,775886.7811302579
