Time,Cost
6384.9809718333345,2068940.8000124083
6543.156177442642,1971422.564478239
5012.787958982539,2412554.6522068162
9418.967986938886,1960526.435660731
5918.109018402021,2236808.399614005
5815.220915864213,2285565.4716048497
5514.9195465886,2313819.23877979
