Time,Cost
6543.156177442642,1971422.564478239
5012.787958982539,2412554.6522068162
9418.967986938886,1960526.435660731
5280.848533411108,2067062.0497070563
