Time,Cost
6384.9809718333345,2068940.8000124083
5939.062994777779,2306997.187287533
6543.156177442642,1971422.564478239
5012.787958982539,2412554.6522068162
9418.967986938886,1960526.435660731
