Time,Cost
841.4724888888888,451350.67314378783
758.735307070707,479808.50788542896
1008.2806213636363,427842.073898373
604.1415388888888,581711.2284710172
1001.5291088888891,450134.46571060584
782.3616888888888,468427.05276649
615.61077,528324.4463825794
672.7415923232323,480519.8108620204
635.5187466666667,501527.4107846643
