Time,Cost
1008.2806213636363,427842.073898373
775.4491472222221,448969.90300531726
574.1822111111111,491838.0468006351
645.0903377777778,455660.73690244573
616.9263100000001,477139.16658426763
