Time,Cost
56665.094,6.938002954053864E7
61915.50432,6.624658928456498E7
70588.71936,6.3661890389445506E7
108134.63666666667,6.2213285049526356E7
55174.290192857145,7.07303661014103E7
103299.77880000001,6.265414914351425E7
57859.34880000001,6.895752899172914E7
51710.02333333334,7.13811366476591E7
67280.16096000001,6.587481254844551E7
88219.97786666668,6.318338562811172E7
70123.72320000001,6.523918759806794E7
58609.91319999999,6.690604106534118E7
