Time,Cost
742.9734244444444,421420.2517351948
610.1947733333334,443364.3249918688
578.091075,478982.48346010107
669.1436466666665,423341.539579773
564.6014685714287,482521.0532574968
