Time,Cost
35.642166666666675,21097.240345580798
57.610451111111104,19160.18798989899
39.06899595959596,19994.92244406566
70.12492222222222,18692.009957222217
51.48516666666667,19504.563508513704
34.65277142857143,23513.37692669553
