Time,Cost
35.642166666666675,21097.240345580798
39.06899595959596,19994.92244406566
34.65277142857143,23513.37692669553
47.61455,15327.297398989896
