Time,Cost
39.06899595959596,19994.92244406566
47.61455,15327.297398989896
38.40558666666667,20078.584760598846
29.087831111111115,20978.79545126263
36.5412,20137.941428787875
