Time,Cost
609.5082577777777,520663.11387062405
619.7072679292929,476516.8066564142
1413.821523333333,448131.5753972152
628.0698833333333,470777.84721828956
682.5451577777777,451617.9720503391
610.2274831313132,494139.5918385968
