Time,Cost
609.5082577777777,520663.11387062405
619.7072679292929,476516.8066564142
752.8024133333333,453712.6698929545
689.247345959596,464050.74426448037
691.3804,462289.7580689143
