Time,Cost
7979.0,5457400.569920275
8930.0,5337743.35480859
13360.0,4669054.6053162515
7469.714285714286,5888674.267507001
17960.0,4422804.107376284
9120.0,4829355.6370035205
