Time,Cost
105623.58190714284,2.179661352214214E8
177284.88720000003,1.9452180454847828E8
114975.00885111111,2.0383314309949738E8
143178.18115000002,1.952239515366779E8
134699.35005333333,1.994086388942007E8
169980.0398,1.9458213176182964E8
123172.005,2.006871645183431E8
122512.83019999998,2.0247816786395195E8
116777.2249422222,2.0333783982743657E8
