Time,Cost
590.0172452222223,677056.7149949402
851.0037430000003,540124.0577502685
711.8786596666666,540840.4528571161
631.8595813333334,552923.9356249914
596.2142682828282,629742.9735959049
622.7424467878786,590594.3535322499
605.4286735555555,611612.1138971053
609.423346111111,604796.5807042859
614.1242359999999,592268.9050188034
