Time,Cost
867.7083319841267,497562.1803177893
509.9534252222222,555741.1661051179
517.7448186666666,528284.8516985151
736.256658888889,497807.30299233465
548.9098708152958,513836.6201132595
708.5770770952381,502067.02566141187
627.9493714285713,504760.17410136317
529.6149748888888,525257.0037256615
610.7887336666666,510990.79742201517
624.4430419444445,510243.3747942729
