Time,Cost
30.15542,16851.391288167386
