Time,Cost
712.6295511111111,535881.7586878211
825.1649244444445,507758.3033119444
922.4593466666664,490881.6860085101
884.7277499999999,496219.384095
905.3590366666666,491015.41972
1096.6318933333334,487107.8019337626
1229.3533599999998,484620.0138994189
844.4454266666665,496261.43419277784
788.9911815873018,510899.8999581746
715.7050051515153,525157.0552750506
1841.0004677777779,482259.5105317822
784.2141455555558,518837.5198126767
