Time,Cost
1249.0123665656565,523032.93387121207
881.77784,536250.1349054439
1143.4758511111113,533735.3824126512
