Time,Cost
166697.6249,8.603289011530297E7
160109.51430285713,9.288696421794043E7
160043.16233333334,9.581046679847164E7
171857.96959999995,8.001933503489335E7
164646.04619999995,9.239257331954947E7
209824.69229999997,7.846788367275144E7
