Time,Cost
112301.1320757143,8.034407720837156E7
102239.38810000001,8.755416681007506E7
200261.90280000007,7.487776947585133E7
199400.42100000006,7.50575055971537E7
157893.946,7.965084404378103E7
