Time,Cost
651.636323011696,636043.1455970034
593.0751013989899,649074.0155398186
636.670625848485,638530.539184918
595.2415280606059,645555.327370546
649.1670031111111,638304.2900642361
654.6024723232323,635376.7605637026
604.8313376248196,641929.6226258209
616.708955388889,639303.337807223
699.5737326060606,630306.878289549
717.5336828333334,628448.4132397077
737.6800214444444,626282.3227791335
588.5974798484849,657112.8652818887
675.2607548888889,634056.4493284271
