Time,Cost
5723.600963835353,2233716.6554362937
7475.46151601111,2120334.1841520667
6226.164837420201,2144499.0483415932
10036.144977036365,2112618.9218441322
6031.208716689897,2229098.566780281
5440.912321891774,2596167.2830465417
