Time,Cost
5723.600963835353,2233716.6554362937
6226.164837420201,2144499.0483415932
6031.208716689897,2229098.566780281
5440.912321891774,2596167.2830465417
7231.176829639394,2067539.2597220463
5707.817260653969,2513711.5120766643
