Time,Cost
437.21332333333334,198794.6328578232
266.28194388888886,206179.31122734092
236.20959111111114,218619.653559111
258.20789666666667,213034.78332791675
479.040117,197613.78910890143
312.90981,199382.37445717174
243.75826066666662,215934.19629547975
