Time,Cost
288.295809,209156.12542101767
260.44132999999994,218449.4423795151
259.4394377777778,220392.12927612622
263.2592181111111,215094.70468986113
274.33642,209266.9841052753
406.14343833333334,198626.95819126078
230.390644,225706.24493999724
314.5761466666667,206482.2097241666
331.83688,205114.66250036616
249.27729066666666,222208.90168270952
