Time,Cost
288.295809,209156.12542101767
274.33642,209266.9841052753
406.14343833333334,198626.95819126078
230.390644,225706.24493999724
314.5761466666667,206482.2097241666
331.83688,205114.66250036616
478.0508403333333,198079.8051093636
230.95666666666668,214466.75340996205
333.409122,203298.29775200758
268.43139999999994,211890.70328155303
