Time,Cost
288.295809,209156.12542101767
274.33642,209266.9841052753
406.14343833333334,198626.95819126078
230.390644,225706.24493999724
478.0508403333333,198079.8051093636
230.95666666666668,214466.75340996205
290.08485,201824.79573129548
254.3491666666666,210805.61834617672
386.4070016666667,198864.68012084338
