Time,Cost
658.3795869047618,540397.6042647042
666.0189619047618,539828.4909730376
1253.8615622222223,485044.3295172583
1110.98256,489404.2311181818
763.1967555555556,537325.3435943543
3574.585941255411,478529.55778358603
1426.2675611111113,484869.51707742433
1124.1351044444443,487964.7916903752
955.5867700000001,495414.7358390152
786.1496966666667,537049.5488924605
853.3129866666667,496556.95936472225
786.5034866666667,497864.2171383334
1454.981038888889,479998.9495501839
