Time,Cost
37.33022363636364,18272.47432578283
35.46441,19370.974070274166
31.515054545454547,19560.94650565656
31.80668,19410.85354280303
