Time,Cost
35.53013333333333,20382.746733712116
35.54743555555556,20182.864768434345
37.33022363636364,18272.47432578283
