Time,Cost
37.33022363636364,18272.47432578283
35.46441,19370.974070274166
