Time,Cost
898637.4774999999,4.1323064158276737E8
630369.1120000001,4.497436589140722E8
631087.3718,4.162487168817413E8
