Time,Cost
591.2456586666667,601350.1191274117
800.9987423434344,544225.6299834417
718.0740182222222,547739.097084472
599.252657939394,584359.7600328382
625.1735764444444,549415.8967969728
621.9096902222223,568593.550563369
623.1516453333332,556750.2086236976
593.6331563333333,597748.1562391795
