Time,Cost
45623.96799999999,8.317911853742427E7
76699.41690000001,7.399941966627227E7
57279.4088,7.423639493696591E7
56259.88655,7.840612579119128E7
53426.06025444445,7.965826447512625E7
49930.73386666666,8.127518774471197E7
49818.159400000004,8.271799782948199E7
55297.85996666666,7.850472389030649E7
