Time,Cost
131496.1312311111,1.78546493212175E8
118369.29927166668,1.7958188709379557E8
102689.34663555557,1.858489608497251E8
104287.05622,1.8195687016826212E8
121424.22100428572,1.7878664016300914E8
108673.14906222223,1.8018065232733732E8
101676.04007857142,1.8842959193702018E8
125602.84998222222,1.7877498269736972E8
