Time,Cost
145236.12125888892,2.370742929044687E8
210998.73129333332,2.2567683550141308E8
141620.50441000002,2.411744529190997E8
132269.62475000002,2.4794973337051854E8
141078.25909571428,2.4572449283380044E8
169742.48286666666,2.293893015605879E8
144189.857,2.4107095565054908E8
169769.69613333335,2.2758257888025945E8
138491.08339999997,2.4592654368162122E8
147494.31509999998,2.3479021925352517E8
156968.92896111112,2.319206246550458E8
153627.00199999998,2.3296489668701994E8
