Time,Cost
13086.0,5354145.246426776
29460.0,4930487.313438194
13272.0,5235861.918192918
11808.666666666666,5812644.117575236
28584.0,5010724.044315161
