Time,Cost
11822.333333333334,4959915.76984127
11548.977777777778,5176738.993803582
13037.0,4697926.326833298
9594.666666666666,5514603.435394669
