Time,Cost
13037.0,4697926.326833298
12523.028571428571,4942747.357142859
8193.714285714286,4951033.793650792
