Time,Cost
584.9681066666667,457103.4911148484
644.6517066666668,434103.57333585114
816.9616349206348,422445.5359741343
