Time,Cost
86861.05115000001,6.095832565675036E7
41004.202399999995,7.240633312599447E7
55783.0732,6.1894037590091124E7
42552.216,7.126900353482608E7
43921.19974999999,6.680212618936131E7
49212.75874999999,6.618189305784632E7
49433.765844444446,6.45716378459822E7
53723.92704444445,6.30241634774184E7
46235.136,6.67285667272714E7
51483.48339761905,6.421088659669759E7
51830.00072444445,6.3380869411614254E7
