Time,Cost
237.45444444444442,216911.56224794447
276.55304800000005,202089.52822113893
380.8701839999999,198640.17854368678
