Time,Cost
237.45444444444442,216911.56224794447
276.55304800000005,202089.52822113893
380.8701839999999,198640.17854368678
407.3701033333334,198455.60406860607
220.83926666666667,225598.09766499308
254.82908533333335,215804.12214467168
258.14785206349205,209435.94928163692
227.73127757575753,225370.70232220713
298.84026,201235.5336906263
267.7856088888889,204141.3677008888
