Time,Cost
541.63155,515180.0643660354
546.4329492063492,488020.50229336217
617.0688422222221,448727.2932700759
575.0253622222222,470504.65741763
992.7299433189037,426521.88168350665
656.9374036507936,448128.07893427147
776.5446183261182,432125.6345754151
