Time,Cost
727.1437577777776,506319.3718573232
820.8534622222221,468505.408953283
741.9385388888887,506136.0124878284
541.63155,515180.0643660354
