Time,Cost
145643.70679999996,9.434533222138175E7
168714.3852,9.139180809388448E7
166636.13290000003,9.299484213051659E7
105557.8004,1.1753554842002279E8
166299.59959999996,9.3586904368911E7
120845.11449999998,1.008334883746494E8
170198.80499999996,8.882483733201304E7
127993.5025,9.838821935614906E7
