Time,Cost
1243.8720982323232,732517.0677515576
923.0052276868685,778463.2913540951
1117.9732842698413,746320.4282499831
1103.5390043564212,761045.3111220141
1026.7828710606063,775493.5214730526
1069.7883906277057,773854.9271495542
