Time,Cost
30.65281,23254.418582070706
36.78008888888889,18949.47146457431
35.678103318903325,22711.480039393944
