Time,Cost
240200.0,8.959488195970698E7
165600.0,9.482421819938885E7
