Time,Cost
178920.0,1.2654222979982762E8
240200.0,8.959488195970698E7
