Time,Cost
36267.6538,6.6392925051897205E7
68820.40011111111,5.8004251362136E7
47775.5182,5.870172315496911E7
40476.5406,6.0227312439586975E7
38678.65042222222,6.449294688974041E7
46783.9584,5.959323167320413E7
40293.90758627451,6.205658020346805E7
38782.5175,6.299947904041269E7
