Time,Cost
263.09878533333335,107185.21816094426
160.67183533333332,116602.58095296312
174.55884866666665,113370.34528738141
260.86316516666665,108862.25323775865
193.5173088888889,111664.63684269803
152.47276466666665,121441.19813491667
165.225643,114922.80785498006
225.6667112,109028.9782746705
