Time,Cost
1878.435573,1333918.2241423968
1988.6670897777774,1155711.5828854232
1972.9915386666667,1233358.4039211003
1890.5423138181816,1242205.1291164854
