Time,Cost
558.0814299999998,437253.52865303005
