Time,Cost
558.0814299999998,437253.52865303005
520.5408444444445,463164.61614809156
