Time,Cost
145414.42560000002,8.698854821771973E7
125336.68057857142,9.076213155877842E7
