Time,Cost
240368.68888444445,1.9743963575869143E8
103466.89418666667,2.2534568850359112E8
178192.1079,2.0079739711683208E8
125305.79788888889,2.0284781668209526E8
204518.10730000003,1.981098143130932E8
112279.54155714285,2.2190322435074025E8
113066.58660000001,2.1313980860542065E8
124505.83064999999,2.0975923450355333E8
107040.9831,2.2335640585777062E8
118792.3713822222,2.1188596195638964E8
118840.36850000001,2.1029739245016164E8
