Time,Cost
9695.0,5314942.882281118
13126.666666666668,4834909.0686633615
9895.333333333334,5039172.809667455
