Time,Cost
9695.0,5314942.882281118
19260.0,5300790.460820225
20875.2,5286740.001185089
