Time,Cost
57444.65640000001,5.435558943386543E7
35523.913,6.181036929275947E7
45943.290400000005,5.648062072499283E7
42533.90640000001,5.796254357255831E7
38091.158358547014,6.151937437970094E7
42512.63693318183,5.8772379915489025E7
39234.36475854701,5.973718587813665E7
39998.90258666666,5.964605095537449E7
37107.8801,6.161666377621217E7
