Time,Cost
36549.2635,7.349111915425877E7
92707.81621777776,5.825234817765268E7
70896.41411428573,5.8348517053247705E7
37774.61065333334,6.866005761858755E7
53247.64129777777,5.8669813207554206E7
39868.0299,6.567193688237966E7
36880.89601333334,7.087463199898084E7
68309.5909,5.860688710905116E7
42060.30025777777,6.233015000536856E7
40210.783533333335,6.405856086654098E7
52910.0399,5.977009012882768E7
46850.3363,5.991435535691461E7
46236.11415,6.170486485180143E7
46324.1988,6.078342586228536E7
