Time,Cost
162093.0124,2.5116583927114263E8
346487.3459814286,2.3396243944036153E8
181949.96567142857,2.3457499870993885E8
176499.24860000002,2.425842617781621E8
180811.7522,2.3711565764359713E8
167963.06199999998,2.48845740831969E8
172987.1078,2.449604651079889E8
