Time,Cost
104738.4997411111,2.183089925644178E8
143528.65506439394,1.9084547773956156E8
105061.38925000001,1.9579202607805848E8
118390.47571348483,1.9495422095346382E8
137702.08070000002,1.9086708915724957E8
