Time,Cost
1574.2022652222224,924576.6447886043
