Time,Cost
2391.9274884444444,981972.1514759776
2158.4597884444443,1001501.8810135056
1848.2483202777778,1102390.7403696543
2532.1827112683977,973180.6067454
1877.6598050555554,1055905.2935751693
1666.8083761111113,1117992.5606144795
1831.1893456825399,1117611.4712011516
