Time,Cost
2391.9274884444444,981972.1514759776
2158.4597884444443,1001501.8810135056
2532.1827112683977,973180.6067454
1877.6598050555554,1055905.2935751693
1666.8083761111113,1117992.5606144795
2018.5446262049056,1026511.7553256374
1822.7021033333338,1077248.744668791
1901.9990725555554,1027204.6374264376
