Time,Cost
163448.66479999997,2.819889143648624E8
403729.58447111107,2.6769839151264384E8
319524.7996,2.697013016876268E8
205675.80813777773,2.74923382185748E8
186151.1689,2.791287833688434E8
237209.18254666668,2.732723632938784E8
265492.1256,2.711122995121319E8
295233.1312,2.706954118431566E8
171374.91184444437,2.812581427238482E8
