Time,Cost
918466.0072999997,5.097242466376021E8
729912.0432,5.125979780962155E8
1105306.1439999999,4.790965395803873E8
589976.1387,5.651188663655065E8
