Time,Cost
918466.0072999997,5.097242466376021E8
729912.0432,5.125979780962155E8
694755.4552999999,5.879694175519825E8
