Time,Cost
528801.3934,3.9140322761816937E8
479669.1414,4.321954753926367E8
