Time,Cost
109861.50000000001,6.424462531409277E7
166496.0,6.366343416725105E7
