Time,Cost
312068.0,6.961862312464984E7
217823.33333333334,7.535113955877455E7
174018.00000000003,7.935358405332899E7
