Time,Cost
168110.58974358972,7.105204750642821E7
176524.1888888889,6.4359467234611794E7
161550.0,7.61391656959707E7
