Time,Cost
1800.6038654141412,967473.6130253663
1739.957210111111,1042853.9988386555
1778.1444829942282,1022824.2649033853
2797.3219503232317,944546.2617805572
1800.1022782121213,1009128.2384433282
