Time,Cost
1431.8235288888889,624433.265592388
1178.27505,661763.1548463386
1780.7899663492062,573458.9546328498
1206.1037722655124,652148.0991196574
1071.3640344444443,762667.8827932933
1362.2959044444444,632234.3273853282
1093.8133555555557,726728.8915665766
