Time,Cost
1923.7506743477634,969818.3787796956
3020.056437777778,928889.7325630363
2641.194407,964928.2493823952
1908.7486803391057,1071828.1620253893
