Time,Cost
778.3225414285714,440619.5899175541
582.6428063492065,450341.76986259763
