Time,Cost
658.2170915151514,548844.2574472153
773.4252221645021,452986.66019506124
669.5538799999999,498931.2132663852
696.3973883333333,461717.2121477778
