Time,Cost
1899.483780801587,1054473.880186111
1942.4505867777775,868572.4051963841
1619.3685230000003,1063938.9500678168
1934.7379276984125,917474.3034043163
1470.5775867676768,1187082.1118406544
1903.737114285714,989364.5104996327
