Time,Cost
5628.855115753967,2451537.0963531043
5753.111918188888,2091299.4753714208
5409.844102496969,2523156.8845727914
7267.359302534487,2054470.870441987
7089.985102755413,2088339.5141477587
