Time,Cost
9530.0,5580077.980104862
8596.0,6044242.932485814
10820.0,5254236.721001221
11516.0,4686892.417582417
