Time,Cost
1309.556965858586,616311.2229026008
1268.6613555555557,684675.6941455953
1155.2149544444444,700752.0223016414
2088.9564533333332,606862.3456663133
1095.6160444444445,900963.3763679438
1202.0981880303032,699178.4484597475
1109.7199583333331,748725.3256757933
1250.4185309090908,688573.7906124744
2073.4449405555556,611351.0947169698
1253.4243222222221,687889.3232274456
