Time,Cost
1309.556965858586,616311.2229026008
1268.6613555555557,684675.6941455953
1155.2149544444444,700752.0223016414
1133.9592722222224,814259.8346240261
2088.9564533333332,606862.3456663133
1095.6160444444445,900963.3763679438
1139.6398294444446,762339.8789532251
