Time,Cost
1340.6957805545455,926722.6012379848
1419.902094856565,901076.8317181827
1374.2833603343433,905739.5857691716
1844.306529828283,847591.1078148283
1587.9211273500002,851101.8124572064
1295.3052328444442,932837.5133577968
1442.8734998404036,864148.6156391626
1276.6369077103172,964801.8252696716
1323.607962780808,930805.176727796
