Time,Cost
298.16857,206261.92777416666
354.726438,204478.05983395962
369.80591,198152.06137907828
223.70605199999997,218463.68618997934
341.33227999999997,204977.8585802373
237.2593608888889,208659.7976908902
281.70891333333327,206946.36757405335
