Time,Cost
2410.0822583333334,928823.7628865662
2217.9691749999997,970011.4179374164
1665.239236242424,1055848.9875358322
1700.7543917878784,1001485.1899215785
1706.9024640000002,970449.6691403821
