Time,Cost
2410.0822583333334,928823.7628865662
1706.9024640000002,970449.6691403821
2204.3566952222227,952215.0668379886
1562.5447846204906,973892.9154896529
