Time,Cost
570.9336756905901,599754.7641120519
1349.2247745555553,524608.8056933213
723.3131614285714,529500.5412431782
943.9239488888886,529346.561817758
617.0004722222221,578066.1294715466
1137.660123888889,527378.0481475289
632.1605871111109,563912.0157168211
653.317929923521,548845.6008954572
1063.063527007215,528804.7284209703
715.7424633333334,542057.3651812857
630.1013994444443,573146.6174441952
695.8917797619047,545199.178169727
709.8612525555554,545074.7507880413
