Time,Cost
322.40093333333334,206872.89349422723
524.760168,203255.66179492668
352.12620799999996,206617.76101734833
290.49136,207407.24383880306
238.89826999999997,230041.7219829167
310.60119000000003,206999.5298640981
271.39605600000004,212230.4948292929
271.0730573333334,219641.9156695049
255.43718900000002,221155.2278910657
524.5113366666666,204908.982422616
