Time,Cost
323.595569,202601.56856162375
237.31933333333328,211430.1324445832
313.563272,204959.12437567164
258.934228,208170.42695965144
442.60680333333323,199803.3646933079
365.06904000000003,200188.38283451018
571.87008,198109.3155379041
232.24338666666668,211637.04457680555
289.147342,205578.95423980805
265.683086,205671.0519957702
501.363732,198990.09320305553
307.623205,204974.2016677626
575.0842520000001,196805.7307858939
