Time,Cost
1683.6554573333333,1238584.0066638442
2170.630679888889,1212688.0126617057
