Time,Cost
1683.6554573333333,1238584.0066638442
1831.6111416666663,1124068.2393376234
