Time,Cost
982.1570991515151,756194.1603407213
922.2728556565658,760949.5641789645
944.1117219494951,758449.2804234554
844.3819581111112,858917.7059539522
1019.5519177748918,749383.4237888813
860.7109497272728,789846.7077653166
897.6758901111111,785592.2166868394
860.123623033189,809280.5898524655
902.9626933939393,782135.1231368809
913.5257356969696,765984.578990197
1336.151078883041,749025.6206599987
850.5394588787881,846669.5787894266
905.4182153333334,772405.2547765198
