Time,Cost
590001.0929333332,1.5021800391684464E8
262056.58060000007,1.657303519139835E8
224247.24886666666,1.6854443820894736E8
306413.1177,1.5161913077927488E8
277742.8768,1.6380474706725535E8
