Time,Cost
1805.452839087301,1199435.5901692088
2575.684169911111,918621.4749355944
1879.3003727696969,1125000.258494098
1885.6472554047618,1025860.2405648903
2324.3282718555556,934331.2371724228
2164.1175417969694,965553.0123389157
2506.895463055556,933777.12641405
1953.9104241555553,986880.2470014544
2095.886146722655,966973.0717198431
2062.4621930111107,984069.1798603521
2071.4545564222217,980844.4835994423
