Time,Cost
1149.987813247619,1005970.6137722426
1885.4272683833335,784303.1920257099
1581.3870312678932,787357.6087142483
1174.3104755646464,895782.062683967
1172.201551390909,994694.8576166515
1515.8922719747475,829890.5426790437
1463.808850411111,841170.9091932314
1334.2974969727275,852569.3160648646
1319.0939276009383,879735.4733780692
1246.064632434921,894443.9770528867
1275.040389791342,889118.5374387692
1331.4790419933622,859842.2706148345
