Time,Cost
851.6390390909091,770961.3507308128
903.0045486666664,758936.4982584525
1265.4927857309942,751421.6544452684
856.4114092121212,768170.874999971
1145.9582890000001,752589.406260665
892.3661945959595,764391.4254811399
969.2864053333334,754888.9033591588
786.001481111111,780694.7848194971
