Time,Cost
1663.0987999999998,639271.9576776043
1237.0352533333335,688687.8898336112
1111.931451262626,700789.7051301512
891.9022311111111,714056.6495811148
1105.95209,713223.5032487123
1277.7625555555553,653652.4535945017
