Time,Cost
98325.5462,9.360750920126656E7
116675.95300000001,9.266502234572814E7
100894.9304,9.281194116856956E7
136833.66479999997,8.369492802461676E7
132224.51999999996,9.050135742394564E7
