Time,Cost
152337.84313333334,9.128026130516678E7
136002.29200000002,9.306917779073396E7
195431.91319999998,8.86052659768054E7
98325.5462,9.360750920126656E7
153960.35320000004,9.089966309251788E7
209929.89239999998,8.696400877098522E7
