Time,Cost
511532.0358999999,5.325935541562129E8
687221.4645,5.310229441928508E8
