Time,Cost
416388.1615833333,1.513167310596661E8
276251.20628428576,1.6275871974624613E8
319072.2037,1.523383084311923E8
