Time,Cost
416388.1615833333,1.513167310596661E8
367918.9413428571,1.8689890380611977E8
