Time,Cost
489.68171967676767,192978.23727250003
244.90828933333333,213610.83181172216
256.92131666666666,210085.85974959086
228.20425666666665,228394.10070811614
294.163504,199910.80155854288
