Time,Cost
489.68171967676767,192978.23727250003
244.90828933333333,213610.83181172216
228.20425666666665,228394.10070811614
294.163504,199910.80155854288
376.1097224444444,198832.14073968437
247.85809466666666,209812.00741566304
246.76685600000002,210998.11349433835
256.08371444444447,200369.0536242829
360.201776,198849.51723239897
253.52059999999994,208535.1503130834
