Time,Cost
861.9357922222223,837769.2009474024
1303.065689111111,756153.9253402533
1197.236855040404,765024.3125952694
1278.2723425800864,756267.6296927249
852.7873473939393,838657.2845133186
838.8641979134197,864041.6826232788
874.5918500808081,811521.0795360451
883.5562643333333,768847.9813391515
1150.3467294848485,767812.8520737761
879.0032276161618,782087.5227886802
