Time,Cost
1310.9088977777776,666624.0011700325
1512.4522644444446,628162.4532994013
1637.6008966666666,597734.060227753
1164.208363333333,699870.147158463
1334.3978851515153,643823.7205261794
1065.3902044444444,797252.4546176549
1117.769499047619,755615.1357714249
