Time,Cost
1310.9088977777776,666624.0011700325
1512.4522644444446,628162.4532994013
1637.6008966666666,597734.060227753
1164.208363333333,699870.147158463
1093.4949666666666,886734.8978720565
1334.3978851515153,643823.7205261794
1150.9376733333331,801595.2006260531
