Time,Cost
278657.07306666666,2.3398913342485455E8
359799.47599999997,2.1524013747587243E8
427441.5,2.0716401559281385E8
357857.99999999994,2.1747308989862615E8
340287.75,2.217112423933477E8
405322.73,2.1336676593557534E8
