Time,Cost
259045.6023,2.1844118844191384E8
470130.1506,1.8565010232107192E8
306069.98799999995,2.1230518897949117E8
408130.328,1.9416724015335867E8
312265.98199999996,1.9816195557930005E8
242618.51599999997,2.395577132817354E8
