Time,Cost
359799.47599999997,2.1524013747587243E8
357857.99999999994,2.1747308989862615E8
363588.48799999995,2.0634623645852232E8
259045.6023,2.1844118844191384E8
469032.274,2.002866989475368E8
