Time,Cost
244892.40630000003,1.7057624726801795E8
355335.79776,1.471923083556457E8
249697.20520000005,1.570465396375978E8
330029.2843,1.5292561833610785E8
