Time,Cost
198784.60260000004,1.3536781271999836E8
