Time,Cost
30.913533333333334,20622.90343282828
35.936011111111114,19341.017594444435
