Time,Cost
120482.40574999999,2.3465453787746125E8
403498.5936885715,2.1556972634031066E8
174331.2164,2.1575806022067526E8
122636.04066666665,2.3048349632356843E8
128462.99975,2.241199788684527E8
167792.2155911111,2.180982502434004E8
141666.375,2.1962169089954183E8
137203.8688,2.2158755360497892E8
