Time,Cost
166320.0,9.925384786507934E7
376158.0,9.754133501587303E7
