Time,Cost
110009.0105857143,2.018993674011005E8
200170.3443428571,1.8135236407731974E8
170236.45188571425,1.8227319732278076E8
116495.97549615384,1.8686022558568764E8
141075.7124,1.8577691502073184E8
115426.05656235294,1.9716856565829E8
115051.9664101961,2.001229482806772E8
115053.68155058824,1.974207193736378E8
113586.78805333332,2.0082960228367868E8
