Time,Cost
1088.9661015969698,735880.1611185552
1805.041084295238,727247.1187699786
1072.4821989831169,738578.75768981
892.2387496087299,774184.183474276
1197.753222984127,729757.1674293808
982.4330253333335,745263.1231259261
957.970571730303,759338.6076950108
1121.3749180969699,731549.245104069
941.8388670031749,759599.4505719895
1370.7628957245308,728553.3761936203
