Time,Cost
576.6430222222223,478679.45781972236
630.1435799999999,451186.41192552674
884.4871272222223,416215.1449466161
704.1435111111114,432072.3015759848
602.61639,459203.11865479784
