Time,Cost
627.7142755555554,469283.757196544
699.3185994949494,460207.9829969588
691.1952917316016,468273.24732883857
