Time,Cost
627.7142755555554,469283.757196544
576.6430222222223,478679.45781972236
630.1435799999999,451186.41192552674
