Time,Cost
54943.27012444445,3.5322786365436114E7
28701.3112,4.762692313983485E7
42619.9419,3.680251742660568E7
54933.90599555556,3.6260011916261755E7
28814.435400000002,4.5864759238664605E7
29074.85004980392,4.004511141974111E7
35045.62279999999,3.7103412409707196E7
33219.372390980396,3.732880725431603E7
29841.679396470587,3.734997790799053E7
29177.13538980392,3.906706810706253E7
29620.04708980392,3.792944912819111E7
28763.9192,4.661025520418759E7
29093.99150980392,3.993779379106434E7
