Time,Cost
85067.81280000001,6.81816919721557E7
48622.092,7.583076085115808E7
54390.39495,6.892605124583822E7
51538.47365,7.395397759973265E7
65884.2205,6.883422898773903E7
