Time,Cost
110768.11153333336,2.1982276578119344E8
205972.10649999997,1.86457656000608E8
173378.5275,1.8986209020239604E8
133244.19993333332,1.905106039067392E8
133242.52669285715,2.0369035219343698E8
113652.25956444444,2.045898803326564E8
119607.04593777779,2.0435401872384018E8
