Time,Cost
147704.84399999998,2.266236914048819E8
224444.8578,2.122779124832904E8
166558.501,2.1360785413363877E8
158714.51989999998,2.2424583706273508E8
