Time,Cost
77164.0,3.64583684874129E7
77345.0,3.56088974874129E7
77287.0,3.64139684874129E7
77320.0,3.561090077312719E7
77246.0,3.64218164874129E7
77205.0,3.645107482074624E7
77276.0,3.64156434874129E7
77257.0,3.642014277312719E7
77194.0,3.64527184874129E7
77175.0,3.64568284874129E7
77329.0,3.561083910646053E7
77336.0,3.56089494874129E7
