Time,Cost
102168.97777777779,3.232254777544351E7
63484.0,4.050746470359053E7
86870.0,3.502389199978452E7
69415.7,3.73828590865246E7
77906.0,3.64862875258206E7
82512.0,3.54336365642103E7
82335.0,3.626292432908921E7
