Time,Cost
65848.0,4.925494703795879E7
81994.28571428571,3.66765614608692E7
72326.40000000001,3.925226782093889E7
66331.92307692308,4.3454281784996055E7
79824.55555555556,3.808656725429146E7
81324.2,3.784386801719686E7
