Time,Cost
56155.0,4.1736131966895856E7
141718.3111111111,2.8685996744523454E7
100300.44444444445,2.9774362601594485E7
56381.33333333333,3.5429909502442E7
85871.94444444444,3.125881474502621E7
67270.8,3.509385647863248E7
93759.11111111112,3.019943020247726E7
77530.2111111111,3.1589666110973995E7
69182.44444444445,3.2366795883789416E7
68834.66666666667,3.3488802720480494E7
