Time,Cost
77164.0,3.656493524840192E7
77329.0,3.5758968510091215E7
77246.0,3.655553491598433E7
77320.0,3.577255516506859E7
