Time,Cost
77164.0,3.64579484874129E7
77345.0,3.56080984874129E7
77287.0,3.64133984874129E7
77320.0,3.56097884874129E7
77205.0,3.64502984874129E7
77246.0,3.64210484874129E7
77276.0,3.64150484874129E7
77257.0,3.64193984874129E7
77194.0,3.64519484874129E7
77175.0,3.64562984874129E7
77336.0,3.56081884874129E7
77329.0,3.56096984874129E7
