Time,Cost
136993.0,3.841555439556847E7
65848.0,4.925494703795879E7
110019.0,4.1810049891223155E7
86992.28571428571,4.278152015342174E7
84490.0,4.8085466502477914E7
