Time,Cost
77199.8,4.845505612842714E7
173311.0,3.7304629248770855E7
99796.0,3.749099477030812E7
77810.0,4.449112866078692E7
81547.1,4.068847122790282E7
94133.86666666667,3.890121145128403E7
