Time,Cost
1796.1350844444444,666798.3771100468
1594.4468000000002,705648.1150380989
1202.8259204761905,827352.8149584628
1468.2396494949494,717064.3740831309
1281.2292133333335,784797.2820423985
1330.2642555555553,722369.6541211867
1267.2314914285714,810966.9071284882
