Time,Cost
1114.76078,631972.3856734666
