Time,Cost
1114.76078,631972.3856734666
1242.9643033333334,595843.6941668796
