Time,Cost
1449.2087708888887,1019032.7846081612
2007.3473855353536,964365.3888708658
