Time,Cost
106799.65352619046,2.058390231646065E8
199263.82084285712,1.8732437932792416E8
136436.6945890909,1.9032951739932024E8
167688.75311190478,1.8942275774226213E8
130782.59394666663,1.9141231942480057E8
109705.262,2.0386920242179197E8
167584.3279737879,1.8943311416642755E8
123351.5805666667,1.9555856732932988E8
115204.71093999998,1.9977367988974833E8
119029.53934999998,1.9738622004029986E8
118543.90639999999,1.9939853336594254E8
120173.23065,1.9625176700718692E8
