Time,Cost
97829.95689999999,2.148822258993857E8
212336.69612666662,1.831178318528118E8
137430.7501111111,1.842699893508156E8
99633.1938,2.0314374350640237E8
98828.61333333336,2.147866063168746E8
100059.3714,1.974306346034568E8
117856.5718,1.9023997113791704E8
106862.8705688889,1.9505594310385272E8
136009.84630833333,1.8609088180101815E8
129739.0627022222,1.89792410550066E8
116142.85296666669,1.930189217826262E8
130467.12484179273,1.880887498781755E8
114937.46079999999,1.949011366682265E8
