Time,Cost
162879.7744,2.739041464755521E8
280911.4010333334,2.4066255559297112E8
165481.35757333334,2.7257163270437694E8
170676.6523,2.5767176376421148E8
236175.83120000002,2.4249633477570987E8
188392.1932,2.4855225904664317E8
221770.12360000002,2.4584730599046895E8
200239.85866666673,2.4738701374692863E8
180219.36440000002,2.5511908325539842E8
234409.97533333334,2.4423802140574816E8
177507.79535,2.5727171350159603E8
171503.9754,2.5728865572902152E8
