Time,Cost
8417.066666666666,5362882.674769674
9715.0,4535117.870488987
