Time,Cost
16960.0,5157394.807081807
9302.0,5583953.407096173
16210.514285714286,5383408.587301589
