Time,Cost
794.8393960930737,832999.1841907083
813.5112255555554,793742.6232184509
954.0981794307361,770901.2572324894
780.312750063492,851526.5523560925
807.8546151406925,827310.8495814914
1003.7995692626263,756323.1330671499
1248.2742549538239,750467.4654390045
1109.7301679336217,754057.5236503726
809.1520076565656,813361.7214649663
814.8046288888887,786976.2575317841
836.4316728787878,779934.2144648476
907.4701814242424,772005.1125367978
