Time,Cost
1879.9209638888892,623482.0978055842
1294.5483166666663,641183.880475934
1077.29482984127,693902.7102844659
1058.12975,938502.1467201258
1574.3110646464647,630146.15069399
