Time,Cost
170.505696,113396.27109566065
179.8202248888889,111787.71432442781
165.143605,114997.08222666313
232.8144788,107512.87802196649
192.38169316666665,109140.44189196866
176.89398469999998,112613.89235684155
146.27594788888888,115899.30218126136
141.853522,117044.80034582577
