Time,Cost
179.8202248888889,111787.71432442781
232.8144788,107512.87802196649
192.38169316666665,109140.44189196866
146.27594788888888,115899.30218126136
141.853522,117044.80034582577
184.249029,110706.83437493109
158.37100879999997,115761.76332328054
184.2108793333333,111130.67787566343
364.92003220000004,104451.88058263762
341.12072620000004,106396.56159250402
159.53009699999998,112313.95489641922
