Time,Cost
1959.8207083333332,1517913.1375813885
2037.3396539999992,1272434.6247184724
1921.037732777778,1734379.4518581433
2714.804965,1271753.1595109808
2006.522404177489,1303128.651942049
1982.543417166667,1357994.2667787063
