Time,Cost
7916.316330890045,2050430.7483386728
6344.637596653176,2100897.29795818
6551.230008244446,2073777.8001592113
5731.507472348484,2319270.214818518
