Time,Cost
6551.230008244446,2073777.8001592113
7171.886438742426,1951723.746088159
7259.1078035777755,1897116.2362405488
6126.174888125683,2094267.781047235
5630.928295589465,2162462.409172893
6862.774178073017,2068856.4577994356
5547.6432666696965,2464902.9698964776
5511.4914787,2549997.015100652
