Time,Cost
776.616132342713,717101.1236537007
1201.479622111111,684031.1530695036
856.3858255087717,698874.3216837296
1030.6112009076483,688854.4597790156
