Time,Cost
853.0212713131311,804828.0863174453
1400.9835747878788,727740.8104141055
1158.046076716374,732999.5981012819
951.0165991111108,796018.5370022276
964.9346126002886,774923.7070262263
1131.0850537063495,742489.1281028062
1093.9497229848487,758071.9703561044
1068.666799353535,761578.9360675438
1050.997645220703,772439.966763985
1047.2464721515155,773157.9221992845
