Time,Cost
159.06231946666665,110884.73661363129
143.29072363636365,128672.79169621211
252.40689679999997,105896.45644171185
149.3481645252525,117969.82266351767
151.24434,113213.34591787879
149.207746,125143.8352546667
235.1609224,108299.80186697502
194.26894199999998,109611.53351452426
