Time,Cost
1718.2071449373736,1088949.2890026807
2630.354951687158,903518.4488548585
1739.6084768191918,975875.563534765
1797.0623486147185,945771.4782992089
2095.355775083334,939533.7670650013
2377.08014120938,918088.8518572514
2512.197962300505,909030.9749913263
2267.2633648552664,933761.8631770381
2245.6329182838385,934495.5185910309
