Time,Cost
812637.234,4.921522927442011E8
638611.7971333333,5.195494409301688E8
618083.5215999997,5.680112000696796E8
792659.0001999999,5.0934264288104826E8
