Time,Cost
230938.49086666666,1.66546350836697E8
328206.21440000006,1.4861701428098342E8
286390.6604733333,1.5297649559057218E8
330389.252,1.4213898519052872E8
272613.22080000007,1.5832221192865717E8
224569.41583333333,1.7579578663882092E8
251970.95120714285,1.593429065981097E8
