Time,Cost
589.3848037575758,625768.9972391471
775.3105924444445,526553.9532199175
595.6009608333334,581108.2425133314
752.0068313888888,529917.1561951143
617.8514660000001,560160.8262595102
664.397608,541469.14797758
597.5901443333332,574663.2534663192
704.8167575555556,531112.5046296951
704.589036,536933.9301948021
639.0793901919193,550985.9527849435
650.919744972583,541897.2622771633
636.5915072323232,557452.2867522564
