Time,Cost
509.3578816666667,532091.0604812225
706.3425510909092,479183.89603483584
581.2766764444445,486715.0458671691
544.7628512424242,513977.9456952042
544.7903435454547,502876.2146859581
649.4634855137086,486437.8924080578
677.0851448484848,485986.0709852757
692.307767030303,482778.97175827634
