Time,Cost
233.19112833333332,226840.39216198496
230.57082222222223,228970.03779870213
238.47597,202544.0842349696
363.957164,191078.16755676156
280.45528800000005,197202.4827442615
228.83959999999993,233249.67476420716
434.931248,190391.5241334282
264.4890633333334,201684.41166312125
233.82732,207155.63689876263
360.808084,193300.1640420393
446.80224799999996,189748.92131009488
271.270676,197706.09865734234
360.23488399999997,195977.79130958993
379.44794999999993,190982.7959225949
