Time,Cost
112019.79909999999,2.2470279276286903E8
220094.25673444447,1.922875294263507E8
133067.353,1.9595558979434925E8
164334.35105000003,1.9541022320796415E8
185476.23432,1.931968479685605E8
114041.22766666666,2.1592434603530538E8
121251.79009999998,2.0016062945273048E8
117347.43544444445,2.0181148002164432E8
176838.8543911111,1.9383397161840788E8
117149.852,2.0868984971698356E8
115989.821,2.135982255592636E8
116063.55503999999,2.098884013036536E8
114855.8516,2.1492259840279347E8
