Time,Cost
192453.15475555553,1.982103773525851E8
114590.06,2.268640708895611E8
132050.19246666666,2.0298923054371172E8
170744.515,2.0126075502479923E8
123642.024,2.129478316221668E8
123125.27206428572,2.2293623945851916E8
130277.22910000003,2.1164453988844383E8
181080.05194666664,1.9987428034634697E8
121924.30399999999,2.230512571603179E8
175834.98585333332,2.007422765223898E8
125197.15717142858,2.1219393428451693E8
129244.888,2.1174649659357992E8
