Time,Cost
372697.70937142853,2.4051014211174604E8
158429.39846873016,2.665707295879486E8
219451.47762476187,2.4187310206061503E8
175184.5902,2.5331445437372088E8
198951.06520000004,2.447199019948559E8
167177.25693571428,2.6097884156489977E8
174339.2748,2.582371439350491E8
187736.2226,2.4865851172622347E8
166462.2329,2.6631701300224695E8
190012.90513333332,2.4834332760481408E8
