Time,Cost
243.14441014718616,217019.42782338266
238.68492799999999,227414.44459793184
257.34860000000003,216009.4885809596
310.6504033333333,199999.14533630756
274.2330243333333,204084.8690020908
325.2157733333333,199117.1755884091
