Time,Cost
3993.8794987907654,2005903.5733302596
4558.016965666668,1924705.7513669943
3492.922704333333,2109656.213234216
3838.9591210000003,2040335.0630156826
4119.571846247476,1936113.7338927633
4671.260922308803,1919818.1377866624
5957.2164385,1878406.9583167934
6378.349337525253,1823940.5425122185
