Time,Cost
4489.934782198412,1840260.623178508
3406.4747236666663,1993882.1475017266
4138.2375068989895,1861254.3883859778
4711.417027825397,1780893.0642333545
5340.137882350648,1772954.5052922165
3595.191044,1872508.7173783008
4612.394248666665,1837804.2849494412
6142.318967712842,1762621.5914264775
