Time,Cost
6378.349337525253,1823940.5425122185
4489.934782198412,1840260.623178508
4010.599573,1913676.6527291157
3406.4747236666663,1993882.1475017266
