Time,Cost
238239.4329,1.3370093726905282E8
219644.5246,1.518016111478216E8
