Time,Cost
238239.4329,1.3370093726905282E8
235683.3821,1.553690443014984E8
223558.12040000004,1.690315695595647E8
