Time,Cost
778.9166113333333,548535.4917196825
573.2219473333333,631112.3558520805
742.7938998888891,549957.5353026448
651.6659520555554,557189.314708446
643.7134885555555,579610.3651569524
574.0328553571428,611386.0742362094
649.6397358585857,572257.1357553512
600.8842523333332,603371.3998861474
622.7293366666665,588511.2760760484
613.9045452222222,597834.7406087269
576.0760566666665,605487.3157975364
620.1036311515151,591397.1012513738
