Time,Cost
682.7946239393939,463042.8126171718
859.64111,461800.5177012627
628.5436266666668,465965.92415313126
583.9047255555555,486093.17128455645
