Time,Cost
682.7946239393939,463042.8126171718
628.5436266666668,465965.92415313126
583.9047255555555,486093.17128455645
849.0201774747475,427975.75805545086
