Time,Cost
145.91390751515152,121806.65513379392
161.2643,115238.83918610353
170.04635633333334,110627.49942779898
193.5362592,109435.39283790586
146.23097959999998,116064.09397775988
241.1339118,106185.33418755553
148.084164,115293.01841050001
