Time,Cost
3508.066240942279,1819455.64654983
3627.8187793015877,1800290.7140865426
3223.69303109596,1912925.0785467415
3955.575213555555,1744751.6223527915
