Time,Cost
9345.0,6192237.92848328
9672.0,5389915.681139124
11535.555555555555,4837067.6031746045
