Time,Cost
15676.666666666668,5400847.842490843
16960.0,5294050.12066365
25904.0,4893219.418875242
9345.0,6192237.92848328
19860.0,5268507.876750701
11001.333333333334,5560160.845938376
10153.0,5566686.814130313
11536.77777777778,5432546.038961039
