Time,Cost
1413.658524357257,803521.293427443
1108.3101960707072,911135.4906142962
1386.0311204740256,817932.0815648544
1213.6871815497075,827377.6450873438
1170.6234308838382,828907.3751233503
1130.070749070707,897639.8058738429
1159.5004324444446,862006.3744579147
1130.265673909091,876017.6074941087
1135.1720271666666,872169.2946567126
1151.6533876666663,862282.0485372002
