Time,Cost
399034.1417999999,1.6461631863542497E8
375248.8066,1.7315671959355202E8
617316.336,1.610244669063505E8
367809.3290999999,2.224870189783248E8
