Time,Cost
352825.3962,1.5652868318255016E8
635380.3008,1.491821443847855E8
