Time,Cost
311711.40719999996,1.458435769923899E8
