Time,Cost
37.04427,19539.74311704545
69.30317777777778,18738.82191856061
