Time,Cost
37.04427,19539.74311704545
