Time,Cost
117756.8224,2.5697574677469447E8
133641.0488,2.4873342741144803E8
123628.55231999999,2.5295513405923656E8
133970.9768,2.4787735537055612E8
127434.61522999998,2.5207903257741815E8
134047.55649999998,2.42754455817456E8
143998.753,2.4111538385852814E8
129419.50455999999,2.4986730808643696E8
