Time,Cost
348.0990663333333,198875.76007578103
282.881867,201887.2476788536
244.20287999999996,215770.71936601782
322.0095593333333,200218.71242307062
250.58718,209363.35970107076
248.91115944444442,214835.86767920444
226.40801777777773,219975.52606169452
