Time,Cost
489.12860288023086,520242.8942735054
485.07723638888893,521749.3987785054
542.5285493888888,493865.6061091723
498.787475031746,510054.12927261693
537.4191422222221,494919.7649050308
505.3873623484849,502658.98807952314
479.63527755555555,524724.5387434672
491.6296522222222,512465.5315846698
550.9709200000001,492365.5856341951
635.4121513333333,487890.4460206598
516.9178120000001,499195.5387137453
537.3389280000001,497892.0569264198
511.35185840404046,500251.0577219181
