Time,Cost
549.0839266666666,343262.95647982333
531.1520322222221,345101.1070259597
490.82472999999993,352817.8593366522
496.14844222222223,349252.46587157645
475.6259055555555,358129.1029749603
426.3671499999999,367541.2449037879
428.3997766666667,366458.6106289899
372.83023095238093,372665.3823469697
455.32284999999996,362984.9008523737
