Time,Cost
549.0839266666666,343262.95647982333
531.1520322222221,345101.1070259597
490.82472999999993,352817.8593366522
496.14844222222223,349252.46587157645
475.6259055555555,358129.1029749603
372.83023095238093,372665.3823469697
455.32284999999996,362984.9008523737
427.0531066666666,363109.3932749746
512.4435211111112,346856.28396845976
383.5799655411256,365131.84694204206
754.94733,339613.2972198701
