Time,Cost
401.34656111111116,375220.1099056817
549.0839266666666,343262.95647982333
531.1520322222221,345101.1070259597
469.28147666666666,372098.12999209965
490.82472999999993,352817.8593366522
496.14844222222223,349252.46587157645
456.1138777777777,374946.76863449137
475.6259055555555,358129.1029749603
