Time,Cost
195240.27605000001,1.3827339427832314E8
