Time,Cost
1935.0041310000001,1230032.4784439579
1928.5970125555555,1401897.2401048266
2774.9292655555555,1179973.377974662
1904.784241,1537666.4246120679
