Time,Cost
1935.0041310000001,1230032.4784439579
1928.5970125555555,1401897.2401048266
