Time,Cost
646.4606854761905,702511.2736597108
705.0352116666668,656942.5217487199
736.8617883333334,642297.6949293506
719.0314095656566,651030.9607202022
698.3267157979798,663669.3564491818
660.2466128181818,687697.3738523367
682.5513077070708,682558.053932123
897.8666857979796,641277.8613562756
701.8280274747475,660033.2478978656
690.2166589999999,680465.0847778638
