Time,Cost
1015.6796157460315,771569.5769156466
882.0643059848485,793875.2446245609
995.6027347878786,788415.7129563574
920.3379711111111,789883.1580728178
1417.0363539494952,751992.7931203813
1003.4423541717172,785143.8494398632
815.6864427777778,842857.139079963
852.7360250865802,831939.347250755
895.1438960634921,792252.9231215055
1169.5118381313132,768059.7031902832
867.7168689999997,802985.4193458416
980.7626022222221,789082.6137180474
1025.0584914444444,769730.0251127254
