Time,Cost
311126.9972,2.0540263277148342E8
594900.088,2.017789660371764E8
357857.99999999994,2.0410928645478913E8
244749.40999999997,2.4001121970535144E8
274209.4848,2.2419845487551644E8
310728.0107,2.2014043379110816E8
630438.168,1.9338877204077378E8
