Time,Cost
304124.77185333334,2.0814053783682507E8
105722.77519999999,2.282489643864708E8
126531.2718,2.1689284716513774E8
240359.1328577777,2.160521812260382E8
302707.0896488889,2.1250476529401988E8
257206.25486222224,2.137783856767147E8
112612.37011666667,2.2234694666903293E8
117087.78919999998,2.2034146447484973E8
111644.45449999999,2.2771313690498927E8
