Time,Cost
774148.6855,5.2316060845431006E8
832368.8023999999,4.922224868806174E8
765339.4622000002,5.384507456547728E8
