Time,Cost
294617.4354000001,2.2336094778295073E8
317037.0342,2.0668297670136663E8
597977.0403999999,1.9856450384556428E8
294124.1075,2.710441129554142E8
380144.18799999997,1.9993378066455948E8
