Time,Cost
380144.18799999997,1.9993378066455948E8
264331.736,2.2385075302821043E8
405456.053,1.920471161798252E8
278143.66599999997,2.03011098015003E8
