Time,Cost
380144.18799999997,1.9993378066455948E8
405456.053,1.920471161798252E8
278143.66599999997,2.03011098015003E8
352271.70599999995,2.0013043168611392E8
535862.3289999999,1.8288924781036964E8
254067.98085714286,2.1546146453718325E8
