Time,Cost
399830.14199999993,2.2139638646490034E8
294617.4354000001,2.2336094778295073E8
404274.61199999996,1.9999856101364738E8
