Time,Cost
516.7757995555555,558479.2488643414
591.1646932222221,533746.2281479306
492.0055196666666,572714.8037062439
508.06784347979783,559245.1691282575
522.079254,542418.7227688724
593.7827058888888,525361.3835947963
527.7855940000001,538715.5546388723
546.5609665714287,533995.3783134035
520.6597484444445,556812.0743920053
589.7019606666667,533790.9789513001
516.1978955238096,558885.2102559289
