Time,Cost
3464.644696,1939245.564527515
3703.324513611112,1911821.8925041144
3727.2128520808074,1731646.0390926674
3440.73570959596,2172528.9516497455
