Time,Cost
3464.644696,1939245.564527515
3727.2128520808074,1731646.0390926674
3393.0209054718616,2365771.863558072
3368.32078711111,2398124.5326936524
3394.9317669999996,1960659.2773218427
3593.9785017777785,1898246.1791650166
