Time,Cost
210960.0,1.010318892900433E8
191780.0,1.0867068349084249E8
180060.0,1.1197284129181929E8
