Time,Cost
193646.0,1.2917624706887884E8
207700.0,1.2059488976190479E8
210960.0,1.010318892900433E8
