Time,Cost
210960.0,1.010318892900433E8
186080.0,1.1312852885714285E8
191780.0,1.0867068349084249E8
