Time,Cost
628781.4413,4.2907977416576034E8
1075066.196,3.912174099727853E8
642528.2483999998,4.260747994884477E8
608744.9781999999,4.7021739040091383E8
907064.3353,4.018509018500329E8
883653.8920000001,4.183513355484866E8
835860.1814,4.183839875585309E8
