Time,Cost
628781.4413,4.2907977416576034E8
1075066.196,3.912174099727853E8
642528.2483999998,4.260747994884477E8
1033776.9497999998,4.250637734923416E8
