Time,Cost
540.0271254747475,523494.9301906156
506.68515866666667,555273.0263887059
533.2142072424242,523698.1257252931
520.8675193333333,532790.5287986121
668.3529794444445,507433.7934344932
601.9576406666666,509149.6234004017
630.6720865,508677.5419234614
583.9548166666666,509322.2267608983
512.1220540555555,533282.7980844346
716.4313077777778,502304.8899259381
549.6817927777778,511015.0034418066
665.2903141212121,508384.351124219
