Time,Cost
2251.492772747475,790898.0739623453
1064.4110651247477,933739.1827915218
1372.1394552606062,799996.8024076974
1810.0734671979794,799143.1764884602
2005.925183322728,794952.8517400286
1349.3363447999998,849342.7655942547
1117.1598033636365,885712.6180775359
1073.9003800135647,918296.7719265505
1192.9555824358586,875369.8316492904
1256.0960315858583,864779.934977223
1290.7581188141414,850615.7430133297
