Time,Cost
82525.77956,6.456088048844534E7
41684.05105,7.270176918618362E7
68077.14016,6.483824209376127E7
50961.68595,6.6773596554181956E7
50950.30933333334,6.936878534770046E7
48154.92223999999,7.005767014263038E7
47922.09245,7.18402150167521E7
45531.012,7.19983762818952E7
