Time,Cost
137367.3924311111,5.7034670547093324E7
40971.99648,7.337668767708515E7
67926.5049,5.814630585106049E7
119363.6715911111,5.8141608883776985E7
41064.995879999995,6.719535987944442E7
40976.946091880345,7.051922943854424E7
59226.81405,6.1679331062322624E7
42019.623400000004,6.3375258326033324E7
127717.11222857144,5.803547285754734E7
50475.46558,6.3258587316391736E7
54512.71345,6.1995635038368925E7
54563.08245,6.194447481625776E7
