Time,Cost
165013.5667,2.9510954137113476E8
184137.77980000002,2.3947598911764926E8
165579.5807,2.6418930083354908E8
176219.70099999997,2.5717911326759532E8
182852.82319999998,2.5355127366071233E8
