Time,Cost
130075.86679999999,1.9731328589504158E8
107945.55069999999,2.0930654895304498E8
125776.2288,2.0290781376599425E8
108582.49939285713,2.0342877602348918E8
108069.5015,2.072665701102587E8
