Time,Cost
100186.45525,2.0922941703937477E8
113221.43350000001,1.8897491133312204E8
107479.26879999999,1.94485953196466E8
104429.99489999999,2.055978921881684E8
105304.53103333333,1.989141524764733E8
104781.04819999999,2.023556891828951E8
105290.66975968254,2.0203320890087655E8
