Time,Cost
583637.0003999998,4.067427529532714E8
550415.6984666667,4.3346098671127033E8
579536.1281000001,4.2605765195429945E8
848150.2697999999,4.0331147910782856E8
