Time,Cost
124693.504,9.301887285229225E7
109643.271,9.385187607052222E7
149827.22879999998,9.011519091536635E7
94296.26256666666,1.0058364607604194E8
124850.14314999997,9.129297484178695E7
185048.6942,9.00030753632741E7
188411.53499999997,8.608068818979107E7
