Time,Cost
124693.504,9.301887285229225E7
109643.271,9.385187607052222E7
149827.22879999998,9.011519091536635E7
94296.26256666666,1.0058364607604194E8
124850.14314999997,9.129297484178695E7
169750.0428,8.58511399257361E7
153144.2362,8.894559696247776E7
91716.728,1.0870688005783916E8
