Time,Cost
124693.504,9.301887285229225E7
109643.271,9.385187607052222E7
94296.26256666666,1.0058364607604194E8
124850.14314999997,9.129297484178695E7
91716.728,1.0870688005783916E8
96851.056,9.597888390426631E7
134352.22019999998,8.432929881397113E7
