Time,Cost
96630.72799999999,1.983066905756565E8
205664.8943511111,1.7653012807890767E8
105218.05415128205,1.781142409646766E8
102233.76914666664,1.921137468485291E8
139233.01913333332,1.7691502352847347E8
