Time,Cost
38326.6314,7.323565472952944E7
56890.94625000001,6.259302194757427E7
42525.657,6.532357495902668E7
46593.4455,6.445432387242757E7
40730.45395777778,6.619760481187852E7
40094.730599999995,6.834986503256221E7
53833.723824444445,6.316618101652539E7
51878.18190444444,6.382353033627025E7
49462.03470444445,6.4349458315631434E7
38912.89824000001,6.953126266152674E7
38901.5568,7.093796244487816E7
38782.5175,7.253412148329557E7
