Time,Cost
72757.7731,7.177595771874812E7
49628.376,7.793757460851459E7
61193.074550000005,7.408694312402011E7
56325.54033333333,7.448299953444645E7
