Time,Cost
420.76086799999996,200369.10390117252
266.29779313131314,208376.25646143925
240.03590333333332,211619.59163633984
279.12331333333333,205697.78107077026
424.1222919999999,196068.84951180592
235.55870666666667,215663.16704343434
285.67393066666665,202152.85462947976
216.77131166666666,221593.32487022743
