Time,Cost
219448.33333333334,7.319941921543488E7
168448.0,8.057717766717596E7
172617.0,7.623413839294039E7
168276.4,8.746690927838825E7
