Time,Cost
219448.33333333334,7.319941921543488E7
159514.5,7.577593258044569E7
321714.0,6.975504424789916E7
272858.0,7.102162577093658E7
