Time,Cost
3514.9705371111113,1954396.9230511326
3663.4693696666664,1920152.1376894766
5616.029448969697,1731782.0471593007
4926.232614333334,1863289.2537878559
3332.097837222221,2157885.617625193
4629.050094531023,1874807.0066350936
4236.2474211904755,1882887.2664404698
3352.6464221111114,1968423.4629532385
