Time,Cost
4222.526632405916,2083136.329666508
4702.439853466668,1754386.9877180245
