Time,Cost
6324.2389793942275,1946663.0625561571
5490.881574144443,2083879.7319128246
6337.124466133334,1902632.7029796802
5490.641970813133,2226469.4728169134
5777.976246413636,2042948.2098869137
