Time,Cost
787.8903850512264,833982.4540264684
1173.2833862222221,682050.4256669902
796.0705419999999,735989.5342438094
1141.2088156666664,689668.9321877423
985.6039300202024,689742.5033939416
942.3022636666668,703572.0165714546
823.2620358484849,721277.6990102311
891.2102758989897,707586.4556583993
844.2054146666665,709404.0195329746
984.4717040375184,694461.6128104292
