Time,Cost
823.5790247894738,847247.9398542837
1402.9095388253968,708442.8019650483
844.233521137085,747229.1329949659
1129.876895161616,710996.0185053949
975.6560984444442,732732.6726302763
1029.1842353318902,720872.9394699531
1119.6453298888887,717216.9822605997
981.7692958196247,731859.6145408121
