Time,Cost
1272.6003645222227,989900.6464431297
2172.6354933444445,818011.916660844
1396.731907575758,949938.2730366567
1534.2208337727268,888116.6447704869
1896.65679451111,823092.8585558373
1742.7493591333337,834678.1257626119
1982.6460696417028,819897.1637968295
1598.7759216666664,859617.5226801332
1670.1530127199135,852907.2723967128
1551.7763646792207,871547.6286766074
1702.1367484595962,839592.0939253289
1551.042641360606,884479.0552919671
1964.4659920626254,820795.3442119373
