Time,Cost
2204.776960528283,772159.5184770653
1167.650261266667,898840.9354105801
1352.7933846252527,818771.4595407576
1497.9710997949492,813164.7115026234
1826.3746874555557,784280.6439139282
1664.5822831181813,803530.0376275063
2033.5249911838384,780046.2332951227
2059.1213799000006,779692.8813737473
1817.6216287772004,797189.4549303127
1763.8508801777775,800440.0412660937
1730.4942461546898,801864.4694531114
