Time,Cost
530775.6623999999,4.3530049198458534E8
1401632.6560000002,4.0464609295557123E8
730527.5962000001,4.1036780906292605E8
