Time,Cost
530775.6623999999,4.3530049198458534E8
845691.8475,4.1783775677752095E8
1401632.6560000002,4.0464609295557123E8
779608.74,4.295936081546337E8
