Time,Cost
1401632.6560000002,4.0464609295557123E8
498709.892,4.0563702497946376E8
