Time,Cost
7994.0,5691455.917761979
7603.0,5882386.54948646
11524.8,4455799.571428573
