Time,Cost
7994.0,5691455.917761979
7603.0,5882386.54948646
11524.8,4455799.571428573
10541.333333333332,4604339.562881564
9561.0,5340061.095238095
