Time,Cost
7994.0,5691455.917761979
11840.111111111111,5668480.067011421
13268.0,4826127.098972923
7603.0,5882386.54948646
