Time,Cost
132901.72774285713,2.4395916238045305E8
124290.04000000001,2.4976191695727783E8
139671.14620714288,2.4100492927287552E8
141697.9541,2.397610751364833E8
123620.64804,2.5139624102533558E8
129382.89996428571,2.442326847690305E8
