Time,Cost
40.98927111111111,19383.704629769116
