Time,Cost
671104.2117,5.606009964921551E8
1477945.0397999997,5.546925277695737E8
572777.439,6.260280982702849E8
583073.5201999999,6.028174503438143E8
708748.1710000001,5.568592979066894E8
