Time,Cost
185985.0,1.2445856997198883E8
363324.0,1.0108666462637365E8
184870.0,1.2579086594227993E8
178200.0,1.3774977865068597E8
244300.0,1.0373591652380954E8
398126.0,1.0087591599999999E8
247580.0,1.0366854361904763E8
178452.0,1.345857337086835E8
187220.0,1.1422246116666667E8
