Time,Cost
185985.0,1.2445856997198883E8
363324.0,1.0108666462637365E8
184870.0,1.2579086594227993E8
178200.0,1.3774977865068597E8
244300.0,1.0373591652380954E8
