Time,Cost
1235087.2838,4.2551051305869734E8
829622.2378,4.289671496807051E8
589688.1704999999,4.4840159278229016E8
714809.864,4.4146492037361777E8
