Time,Cost
589688.1704999999,4.4840159278229016E8
632440.2919999999,4.205349796074805E8
858459.9099,4.080322560229881E8
