Time,Cost
171.28431,119973.24005614268
219.17151500000003,117939.94301243231
275.4434211919192,117209.0240031871
375.7142114222222,112551.64832948889
291.236054,114258.91868236869
281.0303343333333,114268.20713011108
248.3484495555556,117245.41299064089
