Time,Cost
264.336054,211482.74785253787
242.84388888888887,221404.62420422968
265.9758493333334,209679.12158122976
304.68042933333334,209164.69691458583
320.40782666666667,207073.70238077018
245.636822,219196.77571737373
329.12122222222223,199075.73895864896
