Time,Cost
265.9758493333334,209679.12158122976
329.12122222222223,199075.73895864896
324.58389333333344,205664.09747392678
224.48081999999997,225703.68449541417
235.1590566666667,211013.9542499621
300.2418766666667,205676.3938087122
