Time,Cost
169793.33333333334,6.941252387368023E7
161500.0,7.182289794769119E7
126954.57142857142,7.370181336217052E7
179380.0,6.555968836008762E7
162484.0,7.064663827252975E7
