Time,Cost
179380.0,6.555968836008762E7
109720.40000000001,6.76124414169817E7
