Time,Cost
169793.33333333334,6.941252387368023E7
161500.0,7.182289794769119E7
210740.0,6.70864933150183E7
181977.00000000003,6.734209917345397E7
126954.57142857142,7.370181336217052E7
