Time,Cost
254.62615999999997,212246.5945395859
223.95515333333333,212589.31075335506
360.02106333333336,203679.94195277776
314.59166666666664,211043.09667178025
318.79422666666665,206337.0236693813
313.24178333333333,212223.4128078788
384.6762319999999,201363.65525252023
