Time,Cost
223.95515333333333,212589.31075335506
360.02106333333336,203679.94195277776
384.6762319999999,201363.65525252023
290.4613351111111,207761.94296560093
248.14102799999998,209641.11130743404
297.40411111111104,204603.61072165644
414.832438,199834.67829801756
366.70244,203038.33061754043
425.68178133333333,199821.69605707066
