Time,Cost
367823.43359999993,1.8809458100560695E8
244739.99399999998,2.2464481333698657E8
489828.80999999994,1.8144734479229018E8
272015.99039999995,1.9610936643351063E8
