Time,Cost
1517.4155922222224,623732.6453485675
1080.0009833333334,665490.3039768938
1038.68584,827699.1626013491
1713.0228755555556,610048.2306065151
1325.869237777778,626271.8923185603
1079.6058152380951,780970.981417738
