Time,Cost
2229.7776000000003,622261.2250829292
1517.4155922222224,623732.6453485675
1080.0009833333334,665490.3039768938
1038.68584,827699.1626013491
