Time,Cost
585.1413197777778,573306.0026808811
704.2064923535353,524019.4535293739
592.4115220101012,555998.2732088092
654.8571720678209,548331.3894071669
699.121762939394,543115.1597459149
587.976648131313,564186.1687413369
671.2659690678211,545156.8375424728
662.2819222626262,547190.1194623518
667.8464545122656,545704.9531656174
