Time,Cost
129002.64,2.4294534850397074E8
295601.8377,2.3767790551081857E8
166467.27399999998,2.384254518129472E8
138801.05560000002,2.4044509442220485E8
133952.27384666668,2.405666126762854E8
124750.0,2.4336562996499497E8
