Time,Cost
128077.07233333336,2.275682459715138E8
121563.7942,2.2777666494228157E8
141840.31040000002,2.187082533739096E8
153625.0228,2.1364875444813523E8
133343.6448,2.1951589912731913E8
185242.10829999996,2.1332388697867388E8
141916.57515,2.1581338470593718E8
153447.5682,2.149157765470997E8
