Time,Cost
190492.07598,2.3895263044027713E8
221368.58978999997,2.3504234195327973E8
211558.66542999996,2.352918718069177E8
188420.218,2.398642323897143E8
154312.792125,2.4419322242297593E8
173222.74103,2.4140125902567616E8
189271.36242999998,2.3912812612681755E8
178210.73503,2.4137317305733997E8
167760.5313590476,2.439409402844823E8
203469.55528571428,2.3613133311680076E8
