Time,Cost
103550.54701428572,1.9823526950564164E8
108646.67209777777,1.9553201729036412E8
100122.6226142857,2.083372505756257E8
101497.22684285714,1.987284586964336E8
111394.26191111111,1.9190058762938362E8
109171.9213,1.9507861477535388E8
104822.96296571428,1.9620140676256755E8
102076.24084285714,1.9839855991263357E8
115945.99149999999,1.9053427403637445E8
100631.80982666668,2.0588384330614668E8
111152.09277333334,1.925708063686607E8
139967.63631555554,1.892444895909897E8
