Time,Cost
834.5194837691197,478498.4771065849
464.640847063492,530401.6311958049
663.7626871111111,482942.24006327457
597.4309816111111,494200.4856963687
502.45269033333335,495636.47298268625
485.5777965873016,509704.28319191036
599.7544755555554,485743.15093212
500.43049779220775,498259.0339944812
483.2704483333334,512992.8083151611
476.4003041414141,521618.5496978145
654.8966868585859,485439.65981397504
470.90823080808076,523738.4414745569
