Time,Cost
959896.833885714,4.8215980054671276E8
673920.5457,6.158924580180949E8
695965.4696,5.316765747871422E8
792475.5174,5.1208582212530756E8
934208.0436999997,5.0606119288673747E8
702852.1073,5.250355862396119E8
