Time,Cost
959896.833885714,4.8215980054671276E8
944908.806,5.23671385761727E8
673920.5457,6.158924580180949E8
749645.8557,5.3447205963128066E8
