Time,Cost
692255.6602,5.2593745766135335E8
822123.6062999999,5.184132799724543E8
890892.4969999999,4.788414528192703E8
