Time,Cost
255.99718400000003,211494.87874175754
254.54324399999996,216705.60581990643
391.25557999999995,198920.64381847472
217.20111619047617,218427.14778163866
266.36302141414143,201792.24706680267
310.91641200000004,201327.50640097464
