Time,Cost
99012.51439999999,8.208831299564496E7
