Time,Cost
252754.43529999998,8.556734206722187E7
165550.23229999997,8.947186518288858E7
137155.42799999999,9.245034312222299E7
129536.40713333333,9.731778465435861E7
198524.4606,8.697129335500242E7
