Time,Cost
240033.22840000002,1.5532060035097495E8
182474.05599999998,1.5544867466087902E8
266976.2855071428,1.4382799769375315E8
339324.60719999997,1.3647860215531886E8
