Time,Cost
245194.66693333333,1.652987210642759E8
334542.52845000004,1.5734011532671142E8
372020.7877,1.559811645831783E8
379637.59880000004,1.4368774954601714E8
255530.71530000004,1.6164504103905922E8
232811.26655,1.7456240325846547E8
