Time,Cost
43159.390080000005,2.902006501955508E7
27427.776177777778,3.246993303741475E7
33121.365533333345,3.0032352986185133E7
37571.22324000001,2.941079929932967E7
41743.05988444444,2.921843779112532E7
37563.14625333334,2.9998635245773077E7
28191.69097777778,3.0203137317106366E7
27427.945355555556,3.168413465419732E7
27429.000111111112,3.136700063302352E7
27454.334866666668,3.083728736137713E7
27491.22702222222,3.069832689169623E7
27676.701333333334,3.0203964189459894E7
