Time,Cost
1949.0487279591634,845464.718336198
1257.3548973151517,1023715.1627222877
1509.3794274707077,928236.5881374638
1607.1738028383832,918595.1254204728
1699.0887632112554,885948.052502544
1491.573649830303,989235.5684245543
1417.013454362482,1021611.2289952865
1896.4629708174607,858445.6486764142
1818.3190695468254,873672.4994154049
1796.2126256555555,877907.3466488743
1474.4676704015872,1005842.7486582207
1454.951706131313,1012066.2526742797
