Time,Cost
1949.470009810967,934665.8429852459
1804.7926529999997,1019021.8870653916
1949.5325723888884,917344.0790929341
1682.903785080808,1216626.2731051573
1834.8657253102451,950085.6507853228
2084.2281148989896,892253.3380833021
1604.3758913333334,1261018.5467777518
1734.19755815873,1120528.776847317
1739.593966444444,1032660.6699133167
