Time,Cost
269561.5552,1.7427514974600017E8
285196.20825,1.4645094355042535E8
