Time,Cost
165101.14285714284,6.976264213291937E7
162897.5,7.161158600029382E7
159202.6,7.974189432999355E7
177022.33333333334,6.3980249366803154E7
169455.0,6.745066750244202E7
