Time,Cost
165101.14285714284,6.976264213291937E7
162897.5,7.161158600029382E7
