Time,Cost
177022.33333333334,6.3980249366803154E7
169455.0,6.745066750244202E7
174117.6,6.553202060342598E7
124095.33333333334,6.904673406962971E7
