Time,Cost
1585.9295880999998,907820.6144122286
1353.4763568409091,1053914.0703606007
1421.6807106333335,942924.4674103755
1432.5799831714285,940403.0525298165
1644.2542029646463,896742.8397587533
1480.1564764031746,926812.1847799274
1360.9240366636366,948940.8182907362
1648.9587423888886,885539.2904086792
1466.8753108222222,930226.3820084012
1519.0483772580087,921492.2323408311
1895.9426339101005,880332.2399779526
1462.848280152958,940077.7885254547
1528.780228288889,912444.7698736805
