Time,Cost
330803.6105785714,1.5222668247063726E8
704318.0416052382,1.477056435356495E8
225742.79615000004,1.5903355849525645E8
420961.3977811765,1.517251752998597E8
