Time,Cost
1513.4758285222222,895217.9167425372
1586.1276616888886,885263.3911161522
1716.5182194222223,878532.7355624883
1339.4295869444445,911624.2958712815
1569.9807922888888,888116.1850261119
1624.825770029437,883432.3796271209
1781.5202679000001,864665.0061842401
1553.7116731751807,894773.2234496099
1670.992723969697,879980.4835437384
1555.9379157055562,892010.9793202045
1485.0358953666666,897822.3520128535
