Time,Cost
578317.0425999999,4.174252841677414E8
502638.4901,4.3003582031565213E8
888112.7355999999,4.117874895616555E8
