Time,Cost
581404.9897333334,6.149498033198553E8
829559.2082,5.416042542097077E8
765608.4323999999,5.66176261522881E8
699822.9244,5.899981079731777E8
