Time,Cost
581404.9897333334,6.149498033198553E8
680627.2954000001,5.885187246362054E8
716844.885,5.23685152918641E8
673514.63,5.946096800964327E8
