Time,Cost
581404.9897333334,6.149498033198553E8
829559.2082,5.416042542097077E8
765608.4323999999,5.66176261522881E8
680627.2954000001,5.885187246362054E8
