Time,Cost
359.634664,106692.85243190755
374.6165359999999,105892.0109698722
195.63744709999997,110999.98938572156
151.16824999999997,118068.77484215505
197.265422,109109.97897901136
174.63640879999997,111455.88724601468
143.23876,120837.48182847978
224.2580952,108255.86176153837
172.0461464,111699.52208445306
260.51413679999996,107026.45039979603
441.30208400000004,104656.90489043335
176.44545933333333,111099.1184445793
169.1402,113018.53616241667
155.19644599999998,113969.10794042423
