Time,Cost
588294.0343999999,3.9473041265406674E8
