Time,Cost
588294.0343999999,3.9473041265406674E8
562120.3119999999,4.9684872657134E8
