Time,Cost
9540.0,6621611.455397543
11535.811111111112,4887584.724843784
9760.0,5319542.2857142845
9753.042735042734,5499668.471450119
13112.0,4510851.180169503
9880.0,5180605.571428572
