Time,Cost
1626.1034429444442,1097777.9768484288
2428.0828182445885,905081.0835187375
1671.1958573333334,1089050.003816583
2406.024641373737,937725.3024142019
1808.6643456666668,959371.0969581277
