Time,Cost
2921.462871539682,978520.7571351492
1750.309742111111,1237140.256751553
1942.1176128730165,1004266.969673559
1861.3809890000002,1058670.6121206563
