Time,Cost
1861.3809890000002,1058670.6121206563
1626.1034429444442,1097777.9768484288
1938.665304848484,974439.4074466855
1678.3628126984124,1090994.4566384638
2428.0828182445885,905081.0835187375
