Time,Cost
506.47709236940835,605186.0419722546
836.754063,498215.3385074438
518.5017211111111,577599.5102756593
737.8780312481961,509019.22845955373
526.5575880952381,530713.9112652496
622.8757362265512,519665.5615214251
667.8434380555555,516667.12181006273
574.444308,520856.73291977326
571.6305889841269,527036.1804818795
704.4208008730158,509931.1951013379
683.2964749444446,511234.1898626226
529.0295970505049,527853.6065562218
