Time,Cost
472.28535919047613,580124.590432795
663.739101111111,481128.84102914983
596.8072222222221,487296.9212008445
477.7996968888889,575338.4949726317
560.9454460000001,490843.13271672226
488.1832847474747,534859.663671477
663.0937227777778,487016.24265381653
524.403406,499400.9234437062
516.9470566666665,508090.0399910541
506.8842619999999,527120.5010385282
516.3607966666666,523170.4418792332
490.2069982222221,534727.5244378657
510.0541388888888,523286.70701116574
