Time,Cost
576.1927465714286,565254.3542118015
841.880086131313,518154.02107123646
620.1349386666668,543880.4337235211
799.1482462222222,522702.02845522796
781.37388705772,529192.7193238145
691.9667971111111,542368.540476874
724.098096111111,531003.8027795377
712.5748857777778,532884.3836885799
791.0727134444442,526248.4718576883
708.7888892222222,538987.7699832307
693.2970319841271,540549.7444246773
707.9169494343436,539563.7591941612
