Time,Cost
158719.0,7.049028103959765E7
270039.3333333334,6.556479417966674E7
165650.0,6.934298858899596E7
183773.0,6.647098926434678E7
