Time,Cost
172245.0,7.6208247739011E7
312404.0,7.309781745516084E7
164163.0,8.441630400499175E7
217710.0,7.411505451984128E7
205125.0,7.524635401546495E7
