Time,Cost
806.7822285180374,804366.8193204176
909.9798922222222,756342.2392727899
1123.6790909191918,736707.9969280814
895.694077909091,762103.4284451536
850.6353307777779,784347.700009213
792.6738063636365,840684.5911400974
802.443649073593,817097.5469827227
936.8270908008656,746955.190853799
814.0978718888884,800263.6317305086
873.3702621053391,768012.5397781557
1064.709632443723,741014.3994346417
820.730517397661,793743.2765007132
900.3333230404038,759220.7185107501
