Time,Cost
976501.0998,5.507569516495814E8
691908.5118,5.737675471720109E8
675186.86965,5.775902050553498E8
1396908.8379999998,5.43873500977103E8
737626.3273,5.556778362789618E8
1014944.403,5.45682715212031E8
556447.333,6.387469381901596E8
823392.0506,5.548961149386406E8
656201.9990999999,6.007380962316368E8
