Time,Cost
817410.3892,5.615158475573068E8
976501.0998,5.507569516495814E8
691908.5118,5.737675471720109E8
672375.204,6.311646653471062E8
675186.86965,5.775902050553498E8
