Time,Cost
181161.86879285713,1.7162971624600467E8
275929.06232888886,1.3771617280043966E8
228519.71046666667,1.5684736213043895E8
