Time,Cost
575.605262,569104.8948124652
750.531604166667,518705.86970976874
715.1220643838384,525826.3610687831
592.1737667777778,552369.2567252313
636.9984994444445,540102.2383104113
669.7270871904764,533362.68515634
617.6548838333333,552317.4516296049
653.5182693030303,534540.0640518814
