Time,Cost
672442.7721999999,6.501976373374721E8
697781.1351999999,5.318578361952344E8
614198.6683999998,7.164602700410326E8
