Time,Cost
697781.1351999999,5.318578361952344E8
585797.2119999999,5.752887091303633E8
636383.747,5.709172690774921E8
582947.6019999998,5.830220768781939E8
