Time,Cost
166922.0,7.853340499853088E7
168050.0,6.561920364990238E7
169575.0,6.532562140774259E7
