Time,Cost
317607.0,7.247023003273849E7
180095.5,7.29268195869686E7
168440.0,7.483939857230844E7
