Time,Cost
495.42853934920635,576421.1269454493
676.5415798888888,499205.01028049516
510.24246111111097,530994.1326006071
504.27824704761906,548837.8952617632
650.9294829999999,500113.340754884
604.5851926630592,503425.9365164348
537.4141483333333,519662.50535378966
545.104053050505,509394.12176248344
505.6313434444443,545285.0984353919
572.534174,508752.07448015065
582.2893598888888,505302.61260346713
537.9038440000002,514593.0083243285
