Time,Cost
17446.0,4925455.030201825
8480.0,5042419.168282697
25864.0,4855357.304316599
9942.0,4978141.669467787
