Time,Cost
8603.0,5087885.301753802
17446.0,4925455.030201825
