Time,Cost
99341.76379098036,2.1982754487459126E8
318189.6117111111,1.987023355578142E8
224491.72408888882,1.994281711650772E8
144074.70586666666,2.0130168975870633E8
111071.50173333334,2.0959827479907295E8
110722.28002666665,2.1965176579566094E8
272166.80419555557,1.9892245125889271E8
142162.98410666664,2.0460685285987544E8
126335.92252666668,2.0520248808354113E8
117416.64123999997,2.0699964807094714E8
116470.31802196079,2.076813794476944E8
