Time,Cost
213401.16226666668,2.286597879470077E8
126272.04901428572,2.385758649686013E8
139903.8702,2.3458535061614984E8
151511.51575555556,2.315628387414494E8
188337.8280177778,2.3112581315781525E8
193600.50697333334,2.3010697594692832E8
151169.94790222222,2.336845932238493E8
188696.51869777776,2.305372753838486E8
