Time,Cost
489.42330085858595,498023.7556132777
976.0857785858585,478010.792496494
876.7734883203464,479331.16505985777
713.5989177171717,482939.14896937966
645.002220945166,486375.12395861105
519.3929008585859,494101.385862803
637.9271493997114,492331.0679882991
671.8266377777778,483619.1076608601
589.7353290360751,493336.88560323475
622.1087828888888,492564.3281931093
