Time,Cost
639032.0364,3.977597802793707E8
497943.756,4.744629129072203E8
522609.88159999996,4.4686998079825014E8
585708.2725999999,4.4133579647646636E8
