Time,Cost
89567.25259999999,8.644239806736232E7
123327.83,8.499181080027324E7
