Time,Cost
89567.25259999999,8.644239806736232E7
123327.83,8.499181080027324E7
244270.9482,8.085577619118422E7
137715.118,8.438073674322705E7
148361.69318333332,8.244750021406887E7
