Time,Cost
5651.242971177779,2312967.297047582
6587.094468127273,1975399.6702864838
5518.898290173737,2533488.5289506167
5819.051177136219,2227563.3744412404
6566.563373872727,2221795.289741488
5615.408774438963,2513648.6179238954
