Time,Cost
859.2755917777774,906880.0115694525
1421.4554429696968,748718.0049915102
868.0233893333333,872887.1862421831
893.055539151515,792759.854951778
1372.372678560606,751739.1686841705
1205.502213919192,759931.030985893
945.7431337222224,784332.8988533638
1064.9836001212122,774771.2722875049
1186.5685339444447,768482.0664721167
1125.5140963080808,768808.924443523
1089.5073438607506,772401.9889816372
