Time,Cost
746.931055111111,786683.7398054263
1238.1608633953063,681099.5892493444
1119.574499707071,682826.6519446999
1003.0811163795094,691743.680795883
904.2675961313131,692160.7694237984
771.8609482121212,763149.4732038239
827.6807545555556,706008.4579606537
823.0525921111114,709305.2457302777
796.6781898888888,730078.4788070571
795.0226237777778,744546.9863685778
789.8426061111111,756341.768173365
795.3529168838385,733722.9552639948
