Time,Cost
1739.7492973636365,840541.9875339785
1043.8046893168525,938144.0171575088
1378.9884298888885,855061.3299169409
1139.4134546666667,866838.2909244108
1098.1726924191923,886545.4833147867
1085.9382633535354,904201.0470870377
1056.903331333333,921686.184600867
1323.8788424444447,866001.7278938119
1346.4976014444442,859800.1836347688
