Time,Cost
227057.08402333333,2.2283088859147865E8
147312.30650333333,2.2996275372441226E8
130917.14786999999,2.3180866610894144E8
