Time,Cost
54678.1788311111,3.2060607886669904E7
34159.067813333335,3.3223853754096035E7
26216.317344444447,3.674693771082831E7
32393.579853333336,3.3374683847504035E7
35508.752618253966,3.256592752872497E7
26548.21095333334,3.361225786207907E7
34474.06311111111,3.298671599909127E7
53921.84363111111,3.248674463193601E7
