Time,Cost
128497.3042,9.01558094319927E7
109568.25840000002,9.626067796599959E7
153415.88979999998,8.578975210295916E7
152377.648,8.809304551319799E7
102141.68751999999,9.698360285637306E7
123896.60880000003,9.153803164755374E7
