Time,Cost
243968.3933,8.155809834994568E7
95560.88669999999,8.212160003495045E7
89749.59433333333,8.82245572505063E7
