Time,Cost
128497.3042,9.01558094319927E7
153415.88979999998,8.578975210295916E7
152377.648,8.809304551319799E7
102141.68751999999,9.698360285637306E7
123896.60880000003,9.153803164755374E7
108908.45849999998,9.287643296390794E7
125497.62159999998,9.03489731381784E7
