Time,Cost
2804.2491615252516,1181400.7156261068
2277.7901254444446,1313299.810829838
1902.4003952222222,1469384.815453661
1986.7290308888885,1407354.6455431122
2275.754070969697,1404741.9857061878
2772.9823656666663,1280832.9244252364
2751.945568251082,1287591.7390321975
