Time,Cost
5763.902035059594,2608717.4166022693
10750.765515392928,2017373.8989231694
6063.390801199569,2258216.9177670986
5791.101003532972,2491236.582990402
6137.467861209595,2245958.771530616
6156.862375292931,2222569.2078898996
6421.60262042222,2030301.8781780503
5817.742457922221,2367605.4120358615
