Time,Cost
10240.0,5032372.958485957
25930.0,5020422.99019608
