Time,Cost
145894.5785,3.068837234878619E8
240326.29129999998,2.6089129617700604E8
166658.5193411111,2.794952229358492E8
219652.17299999998,2.6626155425859997E8
163923.48593333332,3.002000223796017E8
188771.53710000007,2.6679098452115142E8
186342.06919999997,2.782809485213734E8
147714.93068999995,3.0033065811957854E8
186960.7181333333,2.70936264430892E8
