Time,Cost
339414.18869999994,1.486880278681078E8
422508.0162,1.4090915146780998E8
295781.09180000005,1.5566999321389568E8
228989.4299047619,1.6639480642874548E8
420804.57980000007,1.425950793021578E8
