Time,Cost
34.57529090909091,19885.589499494945
45.603,18966.121999069263
32.66576666666667,20440.89526853535
