Time,Cost
34.57529090909091,19885.589499494945
32.66576666666667,20440.89526853535
41.07474212121212,18312.861835202024
