Time,Cost
326289.05700000003,1.5072679544128236E8
