Time,Cost
316452.89483999996,1.5301952262471044E8
322013.24100000004,1.47006135975688E8
