Time,Cost
107848.25497777777,1.9685536756135517E8
99425.99584444445,2.0180927689934066E8
117606.26094222223,1.9374403908037132E8
90377.88085,2.1309118048677516E8
114740.68568444443,1.9380996222490084E8
118264.16271555556,1.9107176023599473E8
100403.00946666664,1.9993879687322238E8
97858.90658333334,2.0568037000196886E8
110138.07987393164,1.953901012486417E8
97525.48504999999,2.0812186753010327E8
