Time,Cost
250379.124,1.56867007324973E8
183332.245,1.5778706850050566E8
257085.45636666662,1.5110226040455887E8
