Time,Cost
300792.2556,1.530675442179195E8
250379.124,1.56867007324973E8
183332.245,1.5778706850050566E8
