Time,Cost
99396.80540000001,2.1216331237121615E8
175278.2011916667,1.8364196586186776E8
122107.32038222221,1.8381548047036862E8
104935.38237999998,1.855474631522273E8
99822.3932642857,1.980748714444277E8
99657.4557,2.110740697483756E8
102135.34739999998,1.9193374758969936E8
100432.08206428571,1.967245628355767E8
