Time,Cost
99396.80540000001,2.1216331237121615E8
139632.4167,1.8834837383418375E8
100615.63689999998,2.0740022961177403E8
109337.11851324787,1.9423588260772985E8
121022.79365333334,1.8972542223326373E8
110518.29048,1.9071605507232684E8
134244.4587209091,1.896117962957451E8
138702.2456,1.8923519153231707E8
