Time,Cost
702207.094,6.099095786624136E8
752226.9260999999,5.540455727437196E8
744009.0375999999,6.094139019369467E8
