Time,Cost
752226.9260999999,5.540455727437196E8
606758.7409000001,5.795944839419538E8
991184.4770999999,5.540354027246088E8
589595.5822,6.983901582337443E8
749521.0573999998,5.630487827118825E8
604999.2606666667,6.225327804452051E8
