Time,Cost
612.7223622222222,554180.6161062345
939.1753685238093,512795.9364463813
617.111360888889,545235.6229202813
654.5760454444446,529918.4951904598
808.6983612222222,514977.3960182734
743.7647906060606,522956.56674965774
794.5813852222224,521419.2804938827
700.697994111111,527789.8536076853
699.5536245555554,528704.9154656117
