Time,Cost
1020.823421222222,892692.5628165555
1488.4318746666663,821503.3709314411
1247.84194911544,837446.7946400831
1192.4913303535354,851630.6277066612
1146.5150991919193,870875.0880843012
1098.9181029848485,885954.3182285136
