Time,Cost
910.3579745555555,900319.9472490769
1486.6371634444442,727871.2962278727
1282.368722580808,729916.6383919072
914.2341289191919,799556.3185424187
913.7377030000004,881045.4452545079
1136.6544021616164,737664.5437403672
999.9796993968251,793987.0812997248
1119.8941121630592,758044.5394837046
1086.6659295757572,763545.6461724468
1042.8334568888888,775530.8280556216
1029.8195233968254,778446.9731566764
912.056379070707,882926.578586273
