Time,Cost
498.11132190909086,550789.3215808305
928.5509766464646,508918.3713584682
700.8550964444444,510013.5422448591
887.4452292539683,508963.29570729466
589.4304135353534,513361.51200234523
576.4650780353536,521040.994421697
549.9491810555558,529499.3532589806
529.8721996919191,534533.0252011049
528.2502237330445,545243.0977328954
524.1802821717172,550184.7519130487
