Time,Cost
572.901855,600333.2334649843
1028.425772,552839.841513002
844.697841063492,553230.8488174638
788.3406481515151,554476.6465345902
667.5505269999998,555351.979066833
588.735703,588725.0511732926
612.5432093434345,583943.4584578126
613.8510623333332,574231.0257285127
660.6186889999999,567613.2877013384
661.6620644444444,558106.4035192383
603.8615866666668,588043.068587245
646.5321687215006,572862.18366997
828.4508066666667,554237.0208132318
648.1746948888889,570557.0592269354
