Time,Cost
111740.11072666665,1.888268041875351E8
138389.76820000002,1.8607739295476466E8
100706.01052980393,1.9403047516286492E8
145782.9528,1.7916833333613253E8
110512.59859921571,1.897391219962611E8
139535.38096,1.829125429625527E8
140579.61689333335,1.828312236199007E8
138632.75141333335,1.8567685551742035E8
103857.4976,1.9333909550752178E8
140736.28268,1.8215479137007356E8
145923.4008,1.7680257136734432E8
123141.8957,1.8676753387801674E8
109344.69120313728,1.9172240307795706E8
