Time,Cost
123771.27819999999,9.67111887491201E7
127309.17464285712,8.674633482898359E7
110290.78499999999,1.0420815926046233E8
254768.9852,7.912712006573945E7
