Time,Cost
127309.17464285712,8.674633482898359E7
254768.9852,7.912712006573945E7
96989.12885,9.282109362951998E7
