Time,Cost
235.272448,205346.01756377786
324.5808391111111,194580.07665012128
235.515048,204769.47149930816
259.116962,196331.4333522752
312.186186,195485.00022830555
397.1124,189920.85136383335
199.5868189090909,214198.9045206112
332.3456,192666.1174873435
226.498452,206581.8870669748
257.7100166666667,201236.63073702526
389.5430333333333,191564.31079038896
238.69396066666664,202057.3326864595
457.254752,189072.48392195444
221.93202199999996,207465.5709186415
