Time,Cost
259.116962,196331.4333522752
397.1124,189920.85136383335
199.5868189090909,214198.9045206112
457.254752,189072.48392195444
221.93202199999996,207465.5709186415
388.94879866666673,191500.48328194444
220.93310577777777,208305.2708308637
461.2817666666667,188928.82484011113
382.99264184126986,191517.7469234022
512.1678533333334,188700.33910733336
252.13500933333333,199801.485437
323.5348,193893.43200431828
292.51849822222226,195923.71187586617
250.46148500000004,200365.17950977274
326.87953,192320.23164528352
326.07306,193349.23033636936
237.5766516666667,201393.95838449997
226.498452,202344.65784744197
295.6246586666667,194043.91862305824
202.52972400000002,210897.98140894453
