Time,Cost
1162.2274271754386,829196.188058805
1230.703372030303,803152.0658114876
1286.828834222222,801379.5696916068
1311.2651808888888,793952.3602215688
1438.3522377200572,743158.8981680493
