Time,Cost
42339.320999999996,6.71921257015751E7
44933.00233333333,6.44360340694859E7
39985.21728,6.840119571105061E7
49579.5983,6.312347767607004E7
44058.153564444445,6.5962287785495855E7
43168.34750857143,6.713714896519205E7
45156.21961333333,6.3388634381737635E7
43757.664133333325,6.691325919652919E7
53474.294299999994,6.3090048320317656E7
40513.003890909094,6.737869131914444E7
55085.62316444444,6.2229788098434374E7
