Time,Cost
8744.0,5564297.012099012
13443.5,4849608.984809309
9760.0,5207247.9055519635
