Time,Cost
7760.0,4826714.821626088
9140.0,4579914.848435877
