Time,Cost
940182.8500999999,5.459392010320023E8
720951.5774,5.807358292171164E8
919716.9339,5.545726567471343E8
609075.127,5.985121207535511E8
600374.2174,6.894465045346975E8
769900.3398,5.561988515330124E8
