Time,Cost
940182.8500999999,5.459392010320023E8
613931.3441999998,7.135927801931593E8
813786.0536999998,5.760406728110121E8
628396.7122,6.618615114389564E8
845474.8448999999,5.68236045616665E8
868437.9756,5.572144452314485E8
720951.5774,5.807358292171164E8
919716.9339,5.545726567471343E8
692296.258,6.043893044882025E8
774058.9845999999,5.793204767128983E8
