Time,Cost
746705.672,6.101931783358054E8
718431.345,6.27182393627152E8
940182.8500999999,5.459392010320023E8
613931.3441999998,7.135927801931593E8
805159.794,5.806462893581775E8
768326.7544,5.92827292347633E8
729749.2659999998,6.128775968402936E8
813786.0536999998,5.760406728110121E8
751450.1694,6.05406682319852E8
628396.7122,6.618615114389564E8
845474.8448999999,5.68236045616665E8
