Time,Cost
1249.2592268484848,834983.3861905659
1613.4877026666659,766328.6226204706
1416.7434440476195,774482.6936667587
1150.1115112121217,863416.6402065755
1168.9570980116957,851067.6140119581
1328.1965518744587,779707.9082032279
1774.8289871428572,763826.9556253322
1780.2716197777777,761456.1301434459
1955.3933037777774,759348.6732122989
1764.959360453102,763878.747340134
1274.9219668888886,828243.1884792495
1288.3818604444443,813030.1085353103
