Time,Cost
166750.0,9.877905384704186E7
206741.6666666667,9.283523732913163E7
160340.0,1.1069421495238097E8
