Time,Cost
331200.0,1.0510168640692641E8
267300.0,1.068952090822021E8
228290.0,1.1753489135347986E8
181115.0,1.2318393878571427E8
241080.0,1.162625441854126E8
267172.4285714286,1.0836395435164838E8
218080.0,1.2095031834798536E8
244300.0,1.1183573619796869E8
492160.0,1.0289272390659341E8
