Time,Cost
247720.0,1.1300929167377722E8
331200.0,1.0510168640692641E8
245110.0,1.158277489756518E8
267300.0,1.068952090822021E8
228290.0,1.1753489135347986E8
181115.0,1.2318393878571427E8
