Time,Cost
1305.7001333333333,744408.7801438636
1172.2681544444445,746533.161112803
1779.8812600000006,620517.5025121968
1310.6520726190474,729376.1599344809
1523.5348966666668,639985.0356682213
1322.9033299999999,657203.9258283444
