Time,Cost
1047.260693030303,712402.9188034349
1313.465161111111,605283.2182178783
1107.6781555555556,623321.8761638384
917.3212138888889,749131.6956448988
