Time,Cost
1047.260693030303,712402.9188034349
1313.465161111111,605283.2182178783
1119.271791190476,670965.0452649061
