Time,Cost
1674.9407873333332,1074945.4144440822
1774.4906976060604,1057944.8208834268
1763.0557854999997,1072101.1577686958
2169.3141489444447,973020.8642902306
1984.9193006666667,993989.9604690823
2505.145227777777,906291.4867886708
1855.736936222222,1010594.8248334393
