Time,Cost
1674.9407873333332,1074945.4144440822
2143.5341048434343,1019233.5235706351
2019.3074344646461,1045783.5502793123
1774.4906976060604,1057944.8208834268
2374.216000010101,1017832.292761957
2113.224356444444,1043245.639122998
