Time,Cost
165688.0,7.037154154862459E7
240023.0,6.57307520006105E7
162230.0,7.589745832083929E7
