Time,Cost
252906.44471111114,2.2739485263051903E8
116598.9666,2.4798993439209634E8
191685.99565777782,2.2903797904065382E8
169908.49873777782,2.3579488853558502E8
128642.93973333333,2.37677903801174E8
191102.91003111115,2.3362624912701613E8
125211.52601333335,2.4135616565057644E8
122385.20235999998,2.450722282726452E8
122786.43442666666,2.4466447695531633E8
