Time,Cost
243596.84499999994,2.566827963758835E8
148171.87493714286,3.103123378601763E8
159578.33196666665,2.842801334469343E8
174138.849,2.6359455426186392E8
202755.1373714286,2.6210570617412847E8
224466.01059999998,2.5995928788760182E8
166335.3486,2.751461363124743E8
163530.06199999998,2.795858148687028E8
