Time,Cost
268581.7387857142,1.5430728871790218E8
323231.7404,1.5309801505947486E8
264489.23699999996,1.796269838019392E8
364748.50539999997,1.4533679079077485E8
