Time,Cost
1596.8314844473302,816505.9424430821
1033.2965257575756,889270.4213890568
1167.4343672020202,888783.9744733355
1170.3056529754688,826173.6072753747
1271.3867163217894,824838.4950538805
1563.5822656709954,816627.9403379854
1216.2025475353535,826059.5305383544
