Time,Cost
1290.6479117777776,659980.5287043961
768.6444635858585,737017.427997153
1236.933746111111,675725.5306243259
1146.0592203809524,683051.1184328882
1038.0224819163059,689581.4768848903
963.9080724574314,695436.1254334092
889.2649392525254,701166.2585314369
847.5058336031747,715276.3786929983
820.1744914242424,726931.6761216199
861.2602236666664,704355.1362704993
769.2399512604618,734577.2602221285
822.8101858426368,721644.750190843
