Time,Cost
1366.1824602020206,568617.6905691957
1163.116622222222,732576.9760448226
1260.9998766666668,668466.1211794948
1030.10557,801786.4733104799
1073.8308833333335,734838.395954495
1296.3972033333334,633512.9806797224
1128.6784233333333,733686.3692226334
1226.89885,711804.5001171826
1283.3136,639611.4260382575
