Time,Cost
1366.1824602020206,568617.6905691957
989.37827,622314.3669048524
