Time,Cost
2844.865730759019,1169736.817945539
1674.156601515151,1205771.7823275551
