Time,Cost
149883.33333333334,7.485451142857143E7
