Time,Cost
247951.0,9.598495006043954E7
179760.0,1.081146649047619E8
246000.0,1.0679983575324672E8
