Time,Cost
155664.0,7.034910170501724E7
319740.0,5.968381312294405E7
