Time,Cost
330423.3333333334,6.5982164863319695E7
207407.33333333334,7.204694013161677E7
168720.0,7.238397808543415E7
168558.64285714287,9.185628839905193E7
