Time,Cost
178448.0,1.1770422951282053E8
331164.0,9.657430169047618E7
224420.0,1.0462218968498169E8
245960.0,1.0401974160784313E8
178200.0,1.2506710020634921E8
