Time,Cost
153206.92899999997,2.614151110977026E8
205337.06509999998,2.4293038172357064E8
156512.8056,2.4450856215500492E8
