Time,Cost
95268.9228,2.0649432541056195E8
107256.98020000002,1.8709916600465465E8
106555.22314285714,1.9651678034182972E8
105331.89970000001,1.9842269616110831E8
103146.718,2.0064431032890785E8
102250.26719999999,2.0242992052201763E8
98511.03600000001,2.0549994590809888E8
100334.85819166666,2.0404647427042827E8
98948.46085,2.045031050700011E8
