Time,Cost
126943.44232136753,2.2792956660694146E8
201539.72979999997,2.088286385692233E8
128696.08780714287,2.1790741095729595E8
153302.01879999996,2.1447001038927436E8
171805.31882619046,2.110552527731718E8
127297.96399999998,2.2446829696881E8
167747.60833333334,2.1309571747509345E8
