Time,Cost
723195.3267999998,5.121466151758604E8
881505.3439999999,4.91808641276524E8
813946.0442000001,4.944426903160412E8
572639.2032999999,5.412682021354458E8
