Time,Cost
375374.8072,1.435446394616785E8
326058.1036,1.5115933468115E8
