Time,Cost
112330.5512,2.172302896945808E8
263515.5832857142,1.9639206711150473E8
136662.54799999998,1.9698889618454933E8
243427.0444771428,1.9687881953045166E8
121282.7393,2.0590955667773274E8
114884.23859999998,2.1075496970236418E8
122222.6942642857,2.009082835465535E8
131230.2078,2.003680060526562E8
121091.76029999998,2.0966027644624513E8
