Time,Cost
290361.849,2.4267765660356563E8
163517.80871904764,2.6405105447917816E8
235314.67099285714,2.436087881480531E8
205239.28834285712,2.4541814332783237E8
194432.84140000006,2.519322206660543E8
191964.706,2.577019847687809E8
190606.517,2.6300141483808526E8
