Time,Cost
100070.2304285714,1.916940064635819E8
186350.38784,1.80638692047068E8
127742.37750666664,1.8231029652628052E8
105862.25155,1.866746238641328E8
118742.35599999999,1.8439638868523222E8
104784.49162666668,1.888036950612209E8
100468.08433333333,1.8988172950495455E8
114517.31509999999,1.8521926984519672E8
114653.43742666666,1.852016267830763E8
