Time,Cost
65454.70288888888,6.2051025498104386E7
39868.0299,7.377874309341647E7
55097.16845,6.291210302061391E7
42497.85259999999,7.235372522933131E7
45847.83497142858,6.4305953380340405E7
42533.90640000001,6.759346981057802E7
50811.5709,6.3288934741066396E7
43979.804066666664,6.655470456397636E7
43311.2639288889,6.66632769417097E7
