Time,Cost
455.99819922222224,564565.3493561058
882.4223976666667,481593.95617438597
746.161415,482807.9258411598
479.573405,521930.6537472066
470.60388366666666,544324.7425616131
662.5088843434344,483582.11089585384
485.1425113333332,502948.9384149265
462.3340375,555801.5363665111
528.0644683333333,495397.7007090415
604.6534730432901,486001.94854018796
572.504891,489973.7675084313
526.011191,502533.0951345237
574.1988550000001,487067.03226610983
