Time,Cost
36.83197777777778,19204.933124108946
