Time,Cost
650.3201577777778,426565.88621593075
629.8763822222222,458074.1599883769
