Time,Cost
3359.5465925000008,1764131.0222931916
