Time,Cost
3359.5465925000008,1764131.0222931916
3251.3275304978356,2073034.1420015772
