Time,Cost
112209.63599999997,1.985041237158332E8
219174.79144888895,1.8053219536679724E8
114678.32730000002,1.8704955873927915E8
141779.60253333332,1.8391582521733165E8
205541.0921066667,1.8382180391517055E8
205881.72044444448,1.8092423744144362E8
205811.94302222226,1.8177273345684513E8
205740.89042222223,1.8365909902806512E8
