Time,Cost
1337.3247400000002,580716.7084074764
842.9501244365077,601714.6073566695
810.9846687142857,602550.4373448386
1565.1770890000007,570835.4940130146
782.4684425555553,630553.3989138412
1529.656642287157,578019.1252746083
1423.2402797857142,579024.8046350898
810.6033773650793,619036.9222487235
944.0650785620493,597685.9057693202
957.8623026277058,592935.5944600654
1310.8243714747473,583521.0404340362
1005.2423397186149,586596.9423891924
980.0751700519482,589965.3123911369
903.2799297777777,600522.7201250277
1046.5519403953826,583657.3522127799
