Time,Cost
111421.82353333331,9.985154820004833E7
131124.53439999997,8.201222087195171E7
129663.86989999999,9.454527413238412E7
120203.63019999997,9.667497544337581E7
