Time,Cost
2510.1462922268393,910887.9054079067
1689.194117280664,1102442.7810612319
1935.822069602886,946031.5082334634
1804.7887516833339,1039239.2858476322
2135.2319184126973,925806.300435289
1932.8919752634913,1014533.7133342593
2346.692358838095,922685.8162357446
1859.1725481025971,1014676.0852913237
2451.156656750938,917207.5819468604
2427.6315003604614,921844.5617228884
