Time,Cost
5610.128478144442,2260884.1051828424
8325.873624464717,1968273.514838846
5640.187958594949,2077324.214819805
6349.034394188887,1976369.7272409706
