Time,Cost
6611.978227295095,2256996.421667109
5807.161403962121,2309170.996034668
6985.02609289293,2167258.471964643
7964.345106172725,2096126.2597886077
