Time,Cost
3185.734255323232,1754467.4652995942
3162.9422226666675,1812576.5435269754
3974.0379641212126,1743370.9426944726
4086.703217944443,1689252.320169651
