Time,Cost
3185.734255323232,1754467.4652995942
3162.9422226666675,1812576.5435269754
