Time,Cost
400739.812,1.941885418874588E8
256494.03499999997,2.095798303381063E8
