Time,Cost
659.0424493650794,499501.3606445634
663.2183525252525,441456.88014444447
598.613388888889,541186.7136992569
