Time,Cost
93469.04867857142,2.1035644471400443E8
182302.6424,1.8825873316415766E8
125974.4482,1.8951633155698094E8
103718.28467857142,2.0077257460264906E8
104138.96514999999,1.9597765183828554E8
95969.8136,2.0520823053273183E8
114743.1951,1.9202093859751543E8
107499.05960000001,1.9375916491618872E8
103261.70105999999,2.042622680401344E8
113908.95235,1.929427000984609E8
100317.6344333333,2.04825282224471E8
