Time,Cost
194630.67313571426,1.9372947881461537E8
95969.8136,2.0520823053273183E8
125310.8493,1.9379406994343197E8
109319.7471,2.0118992458176768E8
