Time,Cost
752079.0361380952,1.4202528591005728E8
319996.2585499999,1.4915767417002207E8
416405.46160000016,1.443526096153206E8
291065.2778,1.4931514611892328E8
