Time,Cost
577.4600446666666,548343.5264819905
825.9003416666667,497183.77714192815
588.084771,526323.3652930126
606.205379,512295.00061272434
785.5262786666667,501080.9647554432
667.9490587777777,502127.21646027925
579.9489438888888,543148.7368883673
665.6657448080806,506273.568724646
822.2066293333335,500094.9307333186
