Time,Cost
527.7690303347764,491129.2876900009
851.7427493333333,469066.74656962394
831.042218111111,473755.83018128993
748.8212330000001,475281.8733140303
594.3240044444447,488473.07877495326
707.4442215555556,478313.4013200646
623.9207829999999,483421.54637861304
672.2675648888888,479417.0940625405
652.358267777778,482722.37262340426
660.8377944999999,480677.3011845545
623.0296235959596,486372.92423862324
609.9246246666667,486827.93008224707
