Time,Cost
786.9651029696969,531283.5505190325
586.5124146262626,581075.2223574988
612.2762278888889,550174.2556372063
610.2479975555557,576393.7973894149
683.6058233333332,544336.7025833161
763.6164144444443,531676.5150864964
739.7571272222222,536753.0596750583
711.0570611111111,540555.471499697
737.2490513333331,538338.219336871
702.3689477373737,540696.1470542724
