Time,Cost
1801.0723659444443,1067828.4918069136
2097.8718653650794,952398.1410438692
1996.801716111111,1038350.6506622942
1949.108015333333,1038746.5219234447
2017.4162833030302,1020726.5618453269
1678.1679713333335,1113388.5623507902
