Time,Cost
3317.7611587777783,1999476.775913249
3835.59479580808,1798193.7522301162
3674.2505261111114,1853853.380233578
