Time,Cost
1021705.8365,5.046332736628344E8
943184.3261666666,5.0485646777329105E8
852753.5713,5.300074979352333E8
635668.2831000001,5.786970797741882E8
620132.4725000001,5.886618074092144E8
726101.3700000001,5.3015225827944523E8
