Time,Cost
1021705.8365,5.046332736628344E8
789377.3760000003,5.601676948794264E8
943184.3261666666,5.0485646777329105E8
802883.5489999999,5.412111597284905E8
852753.5713,5.300074979352333E8
635668.2831000001,5.786970797741882E8
