Time,Cost
2184.4660468262628,836906.4454152534
1497.7417552415586,907353.895792975
1623.1589472981957,873663.7551970187
1670.0698180210682,865261.4590855021
1816.8432673589468,839703.1357627534
1508.2403125112553,902724.9899173509
1784.6608799494952,846870.8835394685
2032.0429570562771,837502.4027709757
1702.3156022528137,854236.0436130547
1468.2445604424245,917664.223442722
1462.8446260959593,935316.0313144475
1536.2528934823952,887552.3565771659
