Time,Cost
753.6240510666665,722924.4326685055
754.3500570666665,719325.1144059806
749.3394710666665,723660.2353895041
808.5487251222222,697243.9907259813
791.2632342888891,700934.460795411
822.3568758000001,693942.7811703784
846.371478052381,690310.6276808392
803.2018806666666,700395.8246979144
754.7054935924965,703970.6867262915
747.2818367266955,731894.24663369
