Time,Cost
91358.37593000001,5.488931633401262E7
35328.86146666666,5.875546474509134E7
81767.3338277778,5.517155343238859E7
65543.7203111111,5.536546487254942E7
38690.643350000006,5.817993680844309E7
56806.4444,5.558403326195533E7
50893.61941428571,5.585689769530683E7
40771.111399999994,5.719811874687032E7
45752.81562,5.650897654330137E7
41790.03846153846,5.712446651573613E7
48931.23610000001,5.649362060653811E7
