Time,Cost
33879.56317333333,5.546955824837406E7
106945.57080888891,4.8364214212587774E7
106133.41832,4.943356494482985E7
55662.878800000006,4.9554444083702624E7
37135.469,5.208211806684817E7
36669.79233333333,5.465638993527252E7
49353.9378,5.113389077186932E7
43313.8024,5.146501535583441E7
54433.788199999995,5.027111975542327E7
53267.9882488889,5.071768862978971E7
41186.29068,5.192038609854441E7
35784.927800000005,5.499401628037524E7
