Time,Cost
46041.63,6.958590627397962E7
82738.05750857142,6.3883154473875344E7
52463.38159999999,6.397447890331666E7
48402.81563333334,6.612724251842381E7
49687.270946666664,6.409038610067898E7
47736.4216,6.83646658447654E7
46394.5004,6.844315622946374E7
