Time,Cost
1491.2731599999993,396668.83338708646
516.5281603333334,438608.73864054604
671.5330559999999,413192.431237156
540.1317648888888,432233.3361632795
642.8541037777778,417113.0910052475
703.080656,409525.39771538804
1345.2312079999997,396849.66692465846
769.005352,405050.8989361332
570.8841293333334,428684.2334237187
829.357504,403792.2946285415
1102.2801076767678,400331.51967728464
559.1635743333331,431726.7774599505
984.9993752323231,401355.6505593642
1030.8527259999996,400627.78206412814
630.6678837777778,418295.07478338346
761.7229248888889,407063.8923605357
1259.7498239999995,398504.0980546722
1208.5248339999996,398608.94533120334
1301.3864239999998,397821.0710423695
879.6851739999998,402874.77920145896
609.1220894646464,422194.28092766216
854.6233199999999,403294.5131760569
919.9690002222221,402849.2039655277
952.9603540000002,402294.97634432715
1342.6982228888885,396966.6206797561
629.1260931111111,420192.11312499404
1023.23758,401035.80272118445
1136.406676,400061.99269918475
606.337213,423988.0306973691
600.2506942222224,427799.3596401465
602.2037519999999,427154.1835385815
742.2645499999999,409523.80662529654
613.7223213333333,421132.6294132694
1163.2596999999998,399264.8170413798
602.884596888889,425513.7963691822
746.344636,409259.619711568
1284.2023161212119,398499.81608155597
750.170056,408002.9783243044
619.913564,420540.2591263966
1187.4890119999998,398947.76928581303
758.0685446666666,407990.67872026813
1297.7365359999997,398358.2980083902
948.57846,402848.48041551973
1147.993908121212,399730.8831693314
1189.693666,398847.81513021386
606.332289,424452.22392844333
1154.209216,399474.8341956468
605.2325193333332,425085.9456334909
950.544908,402805.7388617082
601.6276073434344,427639.0764479032
603.4764735555556,425253.73814842163
