Time,Cost
1505.9619142251076,744167.9800626428
912.5570127301588,843987.6805279221
1132.0324132461456,745736.8446523409
930.8425115252523,834508.0744156438
950.3435427777778,799198.9274096078
1058.0672742727272,762304.117189583
1017.5051031226548,772766.6422855605
980.1389834011544,783783.8329903163
973.094301507215,792363.2050643356
