Time,Cost
1228.5370565555556,676832.4295570196
757.2639644444447,822396.9162023606
783.8633498383839,750780.3774385656
790.1630550151514,722611.3174699286
995.8707753535357,682615.735195818
899.8116456161613,687189.7285715739
1140.1832297777776,679752.699390673
886.8218651111112,706193.0936166828
1072.178777,679898.1656447821
788.7088998383838,742536.2626684547
897.9720550873018,706054.5716073521
