Time,Cost
835.9206033737375,813986.0032021456
1091.3006912106782,692245.5282424864
968.356261141414,717014.5250481787
874.6447102626262,767060.6521227526
1087.8847878499278,709538.3727105694
923.9965171717173,729375.8106097098
897.7449526046175,753021.9103159617
