Time,Cost
793.7846940404041,809672.7583990365
1184.2962658888891,688809.9804077727
818.6419637777778,740378.9375474135
856.6788304444445,725968.3860721226
910.7275811774892,716532.1073069293
1038.5937434444445,693042.1460705063
925.9946321666665,697936.6056371831
964.6081537373738,693125.0334585796
1091.3006912106782,692245.5282424864
1131.4652178001443,688897.0414550444
1121.8849486608945,690521.6550396747
