Time,Cost
502.4341527777778,548124.246073849
488.2339902222223,555787.2273406769
493.5772483333334,554699.4436688937
513.9467933333332,535523.086110212
637.9418806666666,521667.1615221954
518.7125972828283,534042.9407954069
608.1501504444444,524063.05345522106
551.7768716666667,531788.5845450185
768.909097063492,520525.97304762463
580.7261832424243,526509.6615688801
573.4823563232325,529433.7518491544
