Time,Cost
205160.0,1.0540544883085544E8
296904.0,1.032051072637363E8
178200.0,1.0718755330036631E8
173722.0,1.1227891821428573E8
