Time,Cost
957.1717611515152,762390.184114877
875.9132926796536,806579.1959979176
977.3246942626263,756736.8162462381
851.7416640404041,861879.2684136265
860.6467376060606,822937.8160828245
879.7108130757575,790177.0084211971
1258.0018749177489,736972.3878010967
1017.2988902777778,753167.8299504821
890.1594585086581,766151.2362990458
1067.2469221111114,738506.5271642945
1062.1451242380951,741822.9770626583
863.0951305555556,809657.3564917181
887.471827010101,777492.2274904975
