Time,Cost
121264.09656888891,2.6352045419927618E8
122465.6600488889,2.5791587831484154E8
123654.61775999996,2.5374730852256754E8
177921.7270888889,2.371832854979192E8
155188.8299688889,2.4181063506782714E8
159933.50209999998,2.4089262961395893E8
132026.81626222224,2.437734739930874E8
160366.71522222224,2.3823694266174155E8
125385.06499555556,2.497470950820313E8
126161.78083111111,2.479573278504683E8
324663.1545955556,2.3194922194906747E8
