Time,Cost
5730.033782522224,871827.5145174955
3220.6869426317458,881559.4140627467
2255.0560111215013,975625.7954546396
2268.2578849727274,953263.2574683329
2335.347361025973,893180.2112904243
