Time,Cost
2390.683740142425,958854.9356064933
5730.033782522224,871827.5145174955
2896.5610525777774,900943.9697284566
3079.9260181098102,894471.0567995111
3220.6869426317458,881559.4140627467
2502.4299554512263,940706.5218979386
2860.026122891197,912441.8894960628
2483.179009077778,945484.7460694527
2297.6665498090915,960998.0514177711
2569.082851011256,916551.8310076578
