Time,Cost
98356.30599999998,8.35431980155603E7
263966.69379999995,8.263649042598854E7
