Time,Cost
127627.89719999998,9.208779048207779E7
125544.29280000001,9.368157265030245E7
124350.80567142856,1.1306111520742206E8
140485.24164999998,8.605879317559873E7
