Time,Cost
522027.50899999996,4.5832753800238127E8
631602.0269999999,4.484060430030485E8
560450.694,4.4944312329366314E8
386662.1564999999,4.623852586325606E8
640799.4899999999,4.1907762507073665E8
717904.8124,3.8401935882471466E8
