Time,Cost
522027.50899999996,4.5832753800238127E8
631602.0269999999,4.484060430030485E8
909519.7318000001,4.0479608750754964E8
631487.0741,4.5655651718088996E8
682789.5970000002,4.324700017593585E8
648966.0094000002,4.361987097193563E8
824653.7213000001,4.3032295825217724E8
