Time,Cost
931.287286171717,831847.1236365903
1341.2160811363635,744059.4917886517
983.2398451363637,763195.4603874783
1232.9173625555554,750165.4066643108
982.4271316666667,829612.9707835453
1002.5252587777778,752533.3020613295
