Time,Cost
1910.882720047619,987700.5229708037
2698.691779833333,948988.7238751604
1732.6668472222218,1090541.9356220965
1615.9213753477634,1126290.4519246132
4011.9198912770553,915420.0762014816
1815.1555217460318,1037417.0290976858
2030.472193555556,956753.9685542036
1992.9999978888889,964592.4735509723
