Time,Cost
889360.7119999999,5.644648156757095E8
704877.366,5.836131275346806E8
810333.197,5.793768716126602E8
1158963.4279999998,5.628827464319263E8
648749.0493999999,6.073397509568558E8
862381.6628999999,5.759616812718716E8
