Time,Cost
704877.366,5.836131275346806E8
648749.0493999999,6.073397509568558E8
728449.19,5.720951463899425E8
942874.3360000001,5.366244402719514E8
1080957.0682,5.3319977938234603E8
775006.8815,5.531744843369362E8
