Time,Cost
492.71693999999997,577537.001836131
494.2054125555554,547838.575632134
596.6116337777778,508378.48863708874
517.8497304444443,520635.88532504474
495.26160600000003,544932.4809428804
492.8129476825396,556618.4005106182
501.2426244444445,522986.59093721653
515.7578756666667,520691.42929115286
562.665615111111,513562.591738493
