Time,Cost
33.79415,17925.302010202016
58.640100000000004,17632.10035621212
