Time,Cost
34.40614222222223,18529.4306349026
