Time,Cost
26.389239393939395,14128.623453510103
28.04773666666667,13835.213389621207
25.126453333333334,14169.257759065658
22.422086666666665,14411.783856161614
27.002450000000003,14104.576238232323
22.15542,15326.11917093434
27.74107,13936.79728267677
