Time,Cost
24.25184666666667,13285.335009823231
24.248620000000003,13290.459634823232
22.15864666666667,13407.071312601009
26.34504666666667,13169.729593156566
