Time,Cost
588325.4337,1.3147044400533313E8
265183.025,1.576788920254952E8
237070.31880000004,1.6138893228119132E8
265335.5631666666,1.4873996108603552E8
259333.83269999997,1.6123601143033317E8
