Time,Cost
588325.4337,1.3147044400533313E8
265183.025,1.576788920254952E8
265335.5631666666,1.4873996108603552E8
223733.27874142863,1.6108925872242722E8
343949.75348,1.3200207874877888E8
