Time,Cost
1090.1303777777778,715657.917779798
1233.7319077777777,622130.2912191738
1134.077462698413,669336.8125759595
