Time,Cost
1233.7319077777777,622130.2912191738
1134.077462698413,669336.8125759595
1028.9683694444445,673868.92473346
