Time,Cost
1231.7294773015872,683651.7230507106
1720.0506444444445,661710.3858621571
1913.6617416666663,645968.9265776118
1090.1303777777778,715657.917779798
1265.4887984848485,663047.9073730697
