Time,Cost
533.6425733333333,461208.4188791664
1286.125101666667,411829.89825901145
1214.7762533333334,416039.3231360824
603.1306077777778,433481.40159883857
858.0859833333334,416797.82643148996
568.0146855555556,450717.3326863095
746.2350233333334,432946.9163808332
761.7052723809525,423982.3077877779
850.5791200000001,421114.3891046392
546.3746366666667,456568.2050324746
