Time,Cost
123942.21308333334,2.3113525256570095E8
161328.44309999997,1.8887117446576327E8
149547.91568333333,1.932788201248213E8
127164.24092857141,2.2657152898803785E8
127900.57023555555,2.082732719998791E8
130982.1924,2.033601541456293E8
143075.2076,2.0273415201203132E8
146722.634,2.0078490715335652E8
130585.7251288889,2.04989514957883E8
144365.9932622222,2.0218752326989707E8
