Time,Cost
104483.16816,1.8867359582760096E8
418174.00616777776,1.6877348051795712E8
112026.34,1.8344701189951518E8
119080.11960119658,1.7133980449441084E8
268524.32975111116,1.6951087248030847E8
145008.43431888887,1.697586804627458E8
374995.9564,1.6892639507452634E8
