Time,Cost
1982.0753941024527,1305693.5235256664
2020.7796473333335,1226296.1437764112
1619.7951513030303,1431635.4259303773
1816.7918112222223,1422088.9065535942
1890.742234040404,1314125.8248423275
2881.5257395555554,1220826.4350548817
