Time,Cost
1864.2286162222222,1019098.0955046822
2681.8048641047617,926477.5274820074
1941.6345345333334,992797.7285906938
2223.3609889858585,960530.4454228109
2352.4197331919186,952154.016191346
2080.5638857,965856.5325080598
2074.720041456638,977580.9474502931
2667.5399472206336,941166.0641284466
2027.5346091333336,992576.3787005908
2449.3988933424243,951961.925700111
2531.136402647474,941243.1396319328
2520.6574788555554,945061.5923705222
