Time,Cost
562915.4436000001,1.6355649197656322E8
524056.6668,1.6707162177817848E8
311978.986,1.682259843226027E8
