Time,Cost
311978.986,1.682259843226027E8
339365.3104,1.6104242219977543E8
363060.192,1.4397815475712427E8
362747.79939999996,1.5314772001718542E8
344308.28159999993,1.5946186087997836E8
