Time,Cost
311978.986,1.682259843226027E8
339365.3104,1.6104242219977543E8
363060.192,1.4397815475712427E8
