Time,Cost
311978.986,1.682259843226027E8
363060.192,1.4397815475712427E8
329195.22599999997,1.4550049464687777E8
