Time,Cost
1659.590807305916,1129473.3139672435
1824.746794292929,1013036.4368560438
1938.9154856616162,983264.5033484569
1942.6284429163063,929419.4835645421
1755.97648,1066061.7486030732
