Time,Cost
1403.9438763505048,889967.3466010101
1861.4622638555552,836795.7605109352
1229.2190306616164,895806.8959708505
1858.5139475327562,840265.5803363298
1453.1051855112555,850295.652924107
2016.4350099555559,835975.9251357535
1395.7172171227994,890433.7124734967
1554.243957707648,840543.7440259133
