Time,Cost
1747.3599048484848,1106908.9025091121
