Time,Cost
721.2107667777775,654227.0107219631
860.9436356190475,602260.8046089767
917.8587649999997,599993.31408005
817.3047066666667,653926.6528228346
834.3061638730155,641704.8962540743
843.8801864978352,639136.3955233031
957.1147009220779,591242.1657992685
