Time,Cost
51.69577878787879,19089.941322564937
72.7387688888889,17780.49805060606
42.31269333333334,20085.31058532828
55.82547777777778,18279.381577878787
41.77402323232324,27204.14511515151
