Time,Cost
270054.1156333333,1.4522553796676552E8
204934.67780714287,1.6013504380438137E8
