Time,Cost
224374.05763333332,1.646002202348932E8
270054.1156333333,1.4522553796676552E8
