Time,Cost
270054.1156333333,1.4522553796676552E8
204934.67780714287,1.6013504380438137E8
362636.4765,1.4144650638593954E8
387898.65079999994,1.340287852320238E8
