Time,Cost
15992.714285714286,5467266.369891547
25888.0,5081746.284780578
9380.666666666668,5505583.389427568
18440.0,5356869.241758243
