Time,Cost
22170.514285714286,4383328.091418386
9120.0,5065505.321338793
