Time,Cost
568.440381111111,647788.4932817658
937.9831451111112,542618.2036351173
594.5805819999998,589259.2824544342
858.6254443333331,545624.06753263
702.0022057619045,551006.6717602483
618.9258591587302,574483.5877964417
638.1764326363636,558242.2054317559
670.8151793730157,558060.3447433215
