Time,Cost
155.38527399999998,120700.8988927778
167.95766933333334,114985.84795537224
184.808605,113235.65560552772
159.32078266666664,115373.91788960555
209.1829563333333,110002.3884621627
206.49372830000001,112681.32540722382
246.12801199999996,108938.20815085481
146.64562626262625,123850.9419555755
