Time,Cost
159.32078266666664,115373.91788960555
146.64562626262625,123850.9419555755
209.6524532,105780.84713786565
159.17215,117276.8173171667
148.217532,120075.36945581668
181.1851596,108896.83911708083
162.24426000000003,113478.49928954805
175.51082559999998,112244.8269631806
