Time,Cost
17842.0,4578598.06690042
12932.0,4736115.415212238
8600.0,6059483.6475975
8846.0,5389353.533685268
10177.333333333334,5121188.962220785
