Time,Cost
10693.333333333334,5976434.738095238
25864.0,5320699.569848451
23320.0,5456698.784313725
11506.0,5535026.440709616
