Time,Cost
1344.596569205555,993467.488362898
2675.389335817461,824304.7864366753
1396.2548984333332,897803.9612707021
2189.9355488066376,826466.1080717335
1556.9690192476191,879151.027061708
1905.6850309484844,829601.8783482028
1567.9131592402598,862510.246539026
1756.2513251689752,849139.1826513493
1821.4984884444443,833906.1599048901
1731.9494208222222,861883.3405196527
