Time,Cost
3426.406463849207,930769.3236557824
1768.2094717365078,1041898.9197979961
2940.9969042838375,932010.9242529621
1878.94902775873,1019696.3299190172
2085.3365799999997,951433.9101956496
1945.274798916883,994366.8084729554
2304.0185614222223,940187.9981277486
2519.1175404932173,934551.1963456129
2075.163587482829,978271.9868324979
2043.1831124722219,981856.8380808217
2413.1651603969694,938208.9293753619
2470.720977069985,934869.3946491801
