Time,Cost
1551.8748054545454,1011681.3161885756
1836.796577373737,1008838.4233819321
1906.210446833333,994169.8491718803
3838.354101333333,892840.9658679966
