Time,Cost
231.117724,225100.70094635847
506.54058101010105,195879.75529833336
302.8577653333333,199031.73752263884
284.966788,206004.80214043942
241.81237818181813,217360.22435089393
271.4733633333333,206542.02038165389
382.84142566666674,198468.05521812633
246.13760055555557,209150.68824298732
