Time,Cost
254483.92799999999,2.2638443865880114E8
324565.33999999997,2.092783813041334E8
