Time,Cost
252866.48599999995,1.9705061404549038E8
