Time,Cost
8221.446655507938,2000837.777528226
5684.755202778788,2598457.20314894
5963.90711377186,2029465.2139991764
7633.836425187447,2025020.8595573108
5686.764310758009,2373292.730743269
