Time,Cost
8221.446655507938,2000837.777528226
5963.90711377186,2029465.2139991764
7633.836425187447,2025020.8595573108
5165.433937397837,2238265.058561788
4880.153896044442,2728835.8645795877
