Time,Cost
5940.6377845984125,2468231.5101829367
7661.092109016159,2073157.491823257
6325.677687277777,2313850.028443941
7291.979018226261,2249067.212436055
7437.490379364791,2189534.0268945023
8221.446655507938,2000837.777528226
5684.755202778788,2598457.20314894
7447.165043988889,2160493.6458856924
6472.053834888889,2252977.3724071374
