Time,Cost
634986.1949333334,5.983755322710602E8
1064231.4685999998,4.942559242880464E8
667291.2426000001,5.982048570960227E8
669838.3067999999,5.654846267506386E8
775086.7404000001,5.481027446839854E8
714781.6797,5.534823909945738E8
864075.3295,5.380446922623725E8
586691.1248222222,6.190229857080572E8
