Time,Cost
634986.1949333334,5.983755322710602E8
1064231.4685999998,4.942559242880464E8
588629.8015,6.986996320447909E8
667291.2426000001,5.982048570960227E8
669838.3067999999,5.654846267506386E8
628096.5073999999,6.230738116311163E8
775086.7404000001,5.481027446839854E8
626018.4471999999,6.439201079575738E8
714781.6797,5.534823909945738E8
