Time,Cost
349443.288,1.9864842352199015E8
280748.64599999995,2.2035698227852857E8
318030.58259999997,2.145640267064929E8
