Time,Cost
3701.0448290505033,1618275.063175167
2900.21686650505,1628373.5321416212
2721.405853246032,1792117.8889774536
2718.4582393333335,1890785.6388063023
