Time,Cost
3005.484664454546,1930991.1248735723
3441.3187830000006,1744937.357877593
3285.3683458888886,1911607.369700291
