Time,Cost
3005.484664454546,1930991.1248735723
2938.7026528888887,2082398.507057996
3264.461156396825,1710612.807955815
3701.0448290505033,1618275.063175167
3190.322700686869,1867422.2254554713
