Time,Cost
163.65819679999998,114939.91891054648
151.02910755555556,119653.11031126945
253.857727,107774.52363538237
206.74157799999998,110430.58039050836
144.54944053333332,130126.4562796631
224.7374105,108789.42423361927
159.118108,115840.55155381159
163.77359876666665,110682.16136223382
