Time,Cost
1436.9801317,1201586.6727216872
2049.8193428616164,862080.7973112791
1506.947662022222,1077905.6636998972
1725.4615634698416,931577.3754460192
1557.4080354141415,1038633.9129915527
1966.2960298349203,868657.9238860641
1636.8954156158734,982592.9517515553
1889.5623180777775,906758.782582428
1497.1943439757579,1167733.0474890335
1619.945974517749,995129.4836898113
1822.2351461919193,922972.2105443667
1479.2999005056272,1173072.0176146284
1847.1300389353535,920225.3723504927
