Time,Cost
8065.0,4942477.130072542
8034.0,5057323.55067155
