Time,Cost
115942.85869333334,1.7534693516117227E8
139260.2044,1.751775386411365E8
100607.26239999999,1.7998479419091138E8
122568.16769999999,1.7528593758646438E8
105231.35160666666,1.761816816281641E8
93351.68579999999,1.8595093807277083E8
102910.73027333333,1.7691714473899528E8
96299.51005000001,1.8321589484990722E8
97443.05336888888,1.8024735347594768E8
108337.81056666665,1.753506132181812E8
