Time,Cost
14090.844444444445,2561535.283451843
5351.088888888889,2667951.461211991
6025.844444444445,2647721.4134884723
5180.355555555556,2695765.308753338
5172.8,2742485.1300431592
5201.2444444444445,2675384.8643317474
5362.133333333333,2652870.6794839147
6957.6,2571794.639337785
5349.2444444444445,2672152.735506324
