Time,Cost
1331820.9633,5.1711320003636956E8
786359.8214,5.609624755262263E8
715928.7859999998,6.058740707006704E8
770088.5243999999,5.689347940163612E8
1016697.8955999999,5.1867995902990615E8
731480.4599999998,5.903729360947986E8
795440.6532000001,5.2964719683205974E8
