Time,Cost
1038099.8054,4.576796037654192E8
654236.6120000001,5.0273770843779683E8
839816.869,4.899282035438826E8
645647.7721,5.2598124201769805E8
569752.9189,5.308458012222297E8
