Time,Cost
942691.73425,5.634902938877879E8
547534.892,6.225421267698572E8
599141.35,5.69350041195839E8
