Time,Cost
547534.892,6.225421267698572E8
599141.35,5.69350041195839E8
587650.9669666666,5.733697738184222E8
548672.9797666667,5.948813378619299E8
684528.0952,5.685313201515259E8
734794.2894,5.352904999622294E8
