Time,Cost
2107.2865720000004,1306784.6988490564
2155.2115140252527,1242262.3863237537
1986.8607193939395,1319832.2403399022
1856.8769459999999,1394641.8137870324
2126.4166221313135,1270925.7486526822
