Time,Cost
1856.8769459999999,1394641.8137870324
1824.3055686666664,1488098.8586461404
1883.7356092222224,1211925.997704659
1790.7908801010103,1620666.4032631759
