Time,Cost
105397.99459999999,8.518752169996709E7
