Time,Cost
105397.99459999999,8.518752169996709E7
137266.20339999997,8.429433666432492E7
