Time,Cost
112046.2998,1.0845645023932403E8
123499.73120000001,9.769184208184169E7
126722.91632142857,9.054415923141654E7
175567.75999999998,8.692586196749558E7
169121.94419999997,9.048343584508964E7
