Time,Cost
3214.0476967111103,892245.4622099914
1696.7154707101013,1052921.3019520177
2659.4422299777775,911339.9616810457
1811.8344090656572,1039354.9845488232
1931.6181130777773,1012467.3925403458
2071.1809590787875,983975.1261025661
2257.956593577778,931389.300454012
1972.1281032637087,997736.7991294706
2491.307253581818,918352.5537657861
2449.0006909444437,929397.3003180227
2218.707480208081,948481.7478246021
2076.132708723232,953725.9150592238
2098.250849579076,951040.7015131717
