Time,Cost
1365.1514381484847,992523.9536410692
2309.6829620277063,829614.1959611768
1482.458909724531,948478.2717796459
1701.77160761746,848495.4998997499
1588.5531450833332,910495.6251349176
1917.8289953242422,840228.3008775637
2272.2175076,838825.0975952905
1583.690032129293,915960.5287146015
1834.3516423686872,846059.8367648665
