Time,Cost
325.48477999999994,204940.0549310051
499.1939439999999,202415.10989653537
260.9629953333333,204962.26355539387
641.7960439999999,192926.7149887373
369.33410266666664,204164.9461620859
410.89512,204091.46531974748
422.1082773333334,203125.70330396458
531.6163819999999,199453.96726767163
234.2525027272727,208180.8749413635
