Time,Cost
235.0915183333333,224517.80056317386
325.48477999999994,204940.0549310051
499.1939439999999,202415.10989653537
260.9629953333333,204962.26355539387
641.7960439999999,192926.7149887373
369.33410266666664,204164.9461620859
236.44851111111112,210104.32822719179
410.89512,204091.46531974748
422.1082773333334,203125.70330396458
