Time,Cost
238.695556,222061.4236905353
235.0915183333333,224517.80056317386
447.027204,204533.23102012608
325.48477999999994,204940.0549310051
499.1939439999999,202415.10989653537
248.906,221771.3781172978
260.9629953333333,204962.26355539387
641.7960439999999,192926.7149887373
