Time,Cost
260.9629953333333,204962.26355539387
641.7960439999999,192926.7149887373
234.2525027272727,208180.8749413635
346.0671333333333,196456.6433228661
292.7168573333333,201277.4769074596
