"SID","Time","Cost"
"1","156084.03999999998","1.146831635501804E8"
"2","137920.07799999998","1.369733443968214E8"
"3","139472.316","1.2024321121925716E8"
