Time,Cost
251102.14570000002,1.6087075317899847E8
240580.09530000004,1.85375925296048E8
334494.42260000005,1.530495681143951E8
251872.77600000004,1.5743376808398756E8
647917.6425619047,1.3954806918896365E8
230824.34379999997,1.8847889375744367E8
361980.6884285714,1.4273883105906114E8
