Time,Cost
3391.480942991341,2254972.8693333445
4459.716190888888,1786591.2109366145
5088.921639833334,1738721.2218168867
3589.2796467777775,1967395.7490635181
3764.8103797272724,1843175.7640562905
3723.092183556998,1966998.981021599
3407.445949101009,2069874.4469281188
