Time,Cost
3756.660345222222,2103459.284952962
3982.361862751804,1990473.867956516
4014.079845444444,1929486.5150837803
4074.4887572828275,1860066.0739365977
3391.480942991341,2254972.8693333445
4459.716190888888,1786591.2109366145
5088.921639833334,1738721.2218168867
