Time,Cost
410563.3792666666,1.696326982918607E8
628415.5057666667,1.5541175606983715E8
397193.53124999994,1.7999873459483647E8
392447.68999999994,1.9793631812354887E8
599693.3005333333,1.6786935874733078E8
