Time,Cost
345986.5319,1.454992205355688E8
332796.8317999999,1.7963735095121834E8
