Time,Cost
1025.05834,341209.0173963601
938.9901533333333,343775.4459459813
442.9898844444444,357456.5209541127
433.2627733333333,381558.2877649711
434.456633030303,368552.0430952742
441.3780496969697,365201.7324480521
581.1806199999999,354656.5931268038
663.4671822222222,351946.9711680846
587.2971933333333,352667.4911972512
553.7173933333333,356650.253612529
556.6636555555556,356568.19646911975
666.5698081818182,351353.45866443374
673.4494077777779,347112.53763577214
