Time,Cost
1025.05834,341209.0173963601
434.456633030303,368552.0430952742
389.73551666666674,399118.4838220059
481.17184444444445,345499.83584734856
476.51856944444444,345744.9029022728
437.9613866666666,351586.3516017316
388.22372222222225,400857.0623492425
490.05775000000006,343357.91726893943
404.1518222222222,369650.6926767603
497.74930555555557,342383.58085425687
613.3246888888889,341965.5698639791
