Time,Cost
737.8185866666669,353695.4226583587
691.0290855555556,354739.63400520204
642.0492666666667,357184.65561571106
754.2465666666665,351364.7671329332
1025.05834,341209.0173963601
938.9901533333333,343775.4459459813
819.3980744444443,349954.2838179654
442.9898844444444,357456.5209541127
688.7984,354956.55832967215
