Time,Cost
681381.5108,4.85131784956429E8
771814.6580599999,4.775116052054117E8
627170.9654999999,4.9055690125070447E8
