Time,Cost
75562.39820000001,1.5023811507394868E8
197493.3477377778,1.2721584580981976E8
80120.17259999998,1.3635536641460505E8
164509.68989777772,1.2780986689773242E8
114032.5242,1.2945850541997907E8
75698.1273536508,1.5008857260095763E8
90888.97574666668,1.3451239977149275E8
99923.7373,1.3061982375771198E8
94378.66179999999,1.3235349659777957E8
