Time,Cost
87167.2972,1.6893056998918203E8
212646.61939555558,1.4802337787374282E8
183865.83259666665,1.5127933530527768E8
124515.78512,1.5236887860603118E8
92421.77610000002,1.6436845361169067E8
113586.3414956863,1.547973576118308E8
105700.48180000001,1.577722255865783E8
98670.89569999998,1.6062064362380913E8
103446.7974088889,1.6040991239731827E8
