Time,Cost
165430.442,2.2258959086271375E8
169785.39510833335,1.9927793700987634E8
