Time,Cost
108424.49918222222,1.919046281864637E8
147155.2634,1.707639724311413E8
122623.4260916667,1.7608873242837015E8
141589.59838666665,1.7203379517543527E8
113703.53366666667,1.8456765043126494E8
114656.38896484849,1.775794937855294E8
