Time,Cost
61075.0,5.5536558547619045E7
145140.0,5.0138372354256846E7
66666.0,5.131225839635855E7
61664.0,5.418079163636363E7
121032.0,5.1141324338935584E7
121292.0,5.044948015018314E7
