Time,Cost
53792.0,4.568241048009833E7
65382.0,4.328713048009834E7
57458.0,4.341722248009834E7
57241.6,4.528247048009834E7
57687.6,4.335052248009834E7
55376.8,4.551827048009833E7
57158.8,4.529552048009834E7
53874.8,4.566936048009833E7
55656.8,4.544661048009833E7
57500.0,4.3353023813431665E7
55574.0,4.545966048009833E7
55459.6,4.550522048009833E7
53820.8,4.567017048009833E7
55602.8,4.544742048009833E7
55405.6,4.550603048009833E7
57187.6,4.528328048009834E7
