Time,Cost
98526.84444444446,5.321460515435871E7
73617.0,5.7518843745826066E7
79420.0,5.379993849084249E7
73657.33333333333,5.602238238116786E7
