Time,Cost
45120.0,5.1491065351648346E7
123113.91111111111,4.290825647338936E7
78165.82222222222,4.309109286741363E7
48570.31111111111,4.818692178032752E7
75270.0,4.449168142318467E7
70796.40000000001,4.544767751820729E7
56875.0,4.574268350441716E7
53371.46031746032,4.750610330392158E7
60718.5,4.564961934126984E7
53199.0,4.751313867765568E7
