Time,Cost
78936.8,3.716836496520147E7
37240.61538461538,3.929951458924083E7
59889.33333333333,3.727186013624937E7
50341.33333333333,3.75578732002442E7
39339.42307692308,3.858419216544567E7
45052.8,3.783585957315233E7
37367.33333333333,3.881080584665661E7
37294.600000000006,3.8980277965704225E7
40942.0,3.835181385459312E7
43946.0,3.805025842052719E7
46677.37777777778,3.763992335459312E7
43531.37777777778,3.8216212380234145E7
49199.11111111112,3.760915296997774E7
42589.6,3.8266852274222516E7
