Time,Cost
53792.0,4.5702576180378444E7
65382.0,4.332391014676499E7
57158.8,4.531349348009834E7
57458.0,4.346383518037845E7
57500.0,4.337948500390786E7
55628.0,4.549612024200309E7
55376.8,4.554683118037844E7
55574.0,4.550041284704511E7
55405.6,4.554455951371177E7
