Time,Cost
2099.4443272222225,970984.5044276408
1604.2479650000002,1111181.8273623222
1718.8191018181813,1038715.9482643253
2258.3428737806644,966128.746160449
1746.5656150909088,980898.973793191
2349.4802996060607,960085.917922366
1719.6221027777776,997595.9812341775
1703.9217619047618,1045213.989211604
2061.531996,974315.4865760034
