Time,Cost
1773.0363967777773,1294634.356243255
1838.287666111111,1028962.9039373008
1797.8466509999994,1035680.0235956705
1855.8545049999998,1022114.2167354821
2025.8015945396826,1002526.739002321
2099.4443272222225,970984.5044276408
