Time,Cost
109957.0373,7.739212277313708E7
97667.1461,1.0657662755876866E8
