Time,Cost
462.62044599999996,197680.34553019705
225.37225999999998,221609.78200982063
267.7441,207674.18003499496
249.72501466666662,216648.75712936858
238.49294166666667,219480.87390063133
256.6802666666667,210428.89147861107
293.3576,202920.2359193298
354.8033666666666,200144.8624954923
