Time,Cost
3899.868454372293,1961379.764934906
3731.154806222222,2017895.8563472265
3617.232278883117,2076881.5924969902
4377.94474821212,1861309.734648858
3401.0036382222215,2152465.9559864183
3641.564964333333,2040081.614013838
3570.621667381787,2084878.7174972498
6435.412853222221,1797063.5876443624
3681.7772949999994,2024781.6266245656
