Time,Cost
6435.412853222221,1797063.5876443624
3329.8341722121213,1986052.4890816694
3474.070467444444,1893607.626649835
3998.667578777778,1818948.2862201035
4913.0003190634925,1798644.852885113
3839.69122690909,1820914.6520585527
3634.2437684444444,1873701.8342538192
3734.9253670000007,1845316.6127035446
3763.471303787878,1840309.0852570042
4281.027356392497,1806426.9652704601
