Time,Cost
6435.412853222221,1797063.5876443624
3329.8341722121213,1986052.4890816694
3819.4868701544,1851810.8167277626
3474.070467444444,1893607.626649835
3998.667578777778,1818948.2862201035
4913.0003190634925,1798644.852885113
