Time,Cost
780457.4968999999,5.879282227159942E8
641892.8790000001,7.159378433308333E8
676689.9395000001,6.145768633034385E8
651090.846,6.330087393881772E8
1433596.331,5.482962081977978E8
649380.8938333333,6.444799541527038E8
813570.3071,5.817037947837213E8
818290.0719999999,5.535175749219964E8
747649.5380000001,5.947483116406953E8
736033.1055999999,5.994646846471883E8
642584.8115,6.611851738990358E8
784054.0151999998,5.863591123510824E8
