Time,Cost
641892.8790000001,7.159378433308333E8
818290.0719999999,5.535175749219964E8
642584.8115,6.611851738990358E8
864976.0619999999,5.456796716960152E8
756947.2662,5.674287494442004E8
643258.33,5.803343678764039E8
