Time,Cost
245482.42924444444,2.1049757926200256E8
104736.47735555557,2.1958168393018556E8
135402.26283803923,2.164107764370619E8
179668.76439555557,2.1539337109022695E8
235914.21779999995,2.1346084085562846E8
185422.60567111115,2.1387680085332015E8
116846.6543,2.176827555416538E8
245280.28073333335,2.120757962828977E8
