Time,Cost
969.4351166666669,428110.90873568173
727.45468,453058.67662935087
610.4689186868687,489753.90503717517
622.5036533333333,458718.33521552314
729.4692577922078,433426.2789801334
