Time,Cost
610.4689186868687,489753.90503717517
622.5036533333333,458718.33521552314
690.20406,421586.2358328029
