Time,Cost
699.9793744444444,494175.0225794192
658.741036111111,505719.2880244951
969.4351166666669,428110.90873568173
727.45468,453058.67662935087
