Time,Cost
29.81217333333333,19081.542063989895
39.22606666666667,16737.03204680736
