Time,Cost
736049.8402999999,1.8453729367413816E8
278185.752,2.2060491436255717E8
328081.4628,1.8581928325169966E8
245455.49649999998,2.2584990529606906E8
