Time,Cost
340287.75,2.0069236995378274E8
291022.7791,2.383175235136238E8
308694.344,2.2108378627293813E8
736049.8402999999,1.8453729367413816E8
