Time,Cost
281084.95460000006,1.4474024309975255E8
218706.93533333327,1.590799077764156E8
