Time,Cost
64332.28301777777,6.128690121560147E7
38402.378,7.799784894253792E7
42945.45965,7.161904939364587E7
55744.50928119657,6.300504162366546E7
50650.36628444444,6.502501800501112E7
41423.45785714286,7.520614573334149E7
44804.89412444444,6.6437067841223314E7
43889.238406666664,6.749907466300069E7
54854.35171452991,6.41895266060051E7
38782.5175,7.674976477584334E7
