Time,Cost
2911.4827115555563,915353.225153605
1322.755079333333,977776.8187044748
2128.9764418888885,936078.258726857
