Time,Cost
1574.6742225858584,1017433.9033219928
2187.845673636364,952190.0259437864
2033.519054565656,1003739.5002828559
2716.8309495396825,936839.3283402253
2911.4827115555563,915353.225153605
