Time,Cost
612.1091333333331,489727.86204421
656.8529544444443,439220.3896451189
614.1276766666667,486437.5629947473
655.6141520202019,469828.2083088634
548.554978989899,513777.91233308066
881.9085277777775,416318.09055850975
