Time,Cost
1589.1624647242425,924051.1344189564
2411.439486280808,833776.9109678972
2164.6668304171717,853116.5963212984
1676.3172230060607,913953.3569835569
1845.8020853828282,888519.173957559
1994.0311212565655,855134.2419070811
1992.8231745151515,867754.1187264322
1920.0015357313132,879248.8105586243
1850.675455410101,882392.3286015618
