Time,Cost
6408.4832147666675,2103003.1120254165
5720.123190778787,2476394.1428027027
6134.078994523808,2186377.5942194727
8371.710678861615,2004889.6075204292
7783.776526491846,2012031.2434441794
6111.43850586479,2263278.797549186
