Time,Cost
6408.4832147666675,2103003.1120254165
5867.655087520203,2666654.024826846
6319.987654743434,2210684.563915105
6062.574042166666,2481438.1869238326
6193.724559670708,2376671.990893153
