Time,Cost
6408.4832147666675,2103003.1120254165
5720.123190778787,2476394.1428027027
10516.986728138381,2038539.8400641566
6134.078994523808,2186377.5942194727
8856.484758311688,2085413.7711083728
