Time,Cost
185736.0,1.0335788568498169E8
172013.0,1.0725366904761904E8
201236.0,1.011257142857143E8
482160.0,1.006357901886447E8
183780.0,1.0712789134589592E8
