Time,Cost
33076.09220000001,3.355054773668223E7
33204.61466666667,3.345300251348806E7
33174.71493333334,3.3461509374266114E7
33141.974773333335,3.348822632922053E7
32913.6894,3.394121591574426E7
25704.268215555552,3.595039941390266E7
26650.81683333333,3.45527350591065E7
32914.38144,3.364677404681843E7
26699.18208222221,3.434167457102621E7
32914.14489333333,3.387215706066869E7
33730.469013333335,3.294817442484787E7
32913.39397333333,3.40961666758235E7
