Time,Cost
108556.20599999999,9.444959138557209E7
133101.26619285715,7.828892844936445E7
