Time,Cost
133101.26619285715,7.828892844936445E7
101280.918,9.012911568530954E7
80283.09697857143,9.56742290903659E7
130645.265,8.692582337930208E7
111259.34119999997,8.912620407355513E7
