Time,Cost
716726.6810000001,4.963676216366568E8
559876.876,5.0810235857645464E8
718467.9039999999,4.654191202668915E8
