Time,Cost
596302.8693999997,5.697807237982686E8
1148380.2365000003,4.932832532742639E8
634164.6836,5.196993271703597E8
