Time,Cost
119672.73606222223,2.4909310758347237E8
129175.53374999997,2.4662983954874414E8
136409.67159999997,2.4389510984614897E8
236403.87289333335,2.3780080375060225E8
169761.0827666667,2.414980381741787E8
152139.36640000003,2.4178254749885857E8
147054.64772444445,2.4368082432869098E8
175666.96687111113,2.396129233648452E8
176817.87183111112,2.384319371520569E8
122256.7958988235,2.476338721534199E8
