Time,Cost
1030.6412655404042,683532.5263377852
765.2643605613273,810181.5242776332
889.0812415555555,693614.5790009168
785.7463798888889,716611.03139726
785.3624703434344,759247.8509588798
774.7273773888888,798703.4944180619
