Time,Cost
52772.51902666667,6.377234835517872E7
49930.06604235295,6.4553828140138865E7
44942.68112460318,6.949671798221412E7
54863.48728666667,6.369242314193936E7
49790.29089490197,6.458734588647035E7
47613.28482936508,6.5469720806973316E7
79100.89473333333,6.1823602305144854E7
52752.71801333334,6.402561917168263E7
78974.97586,6.195167291120677E7
58308.88034963587,6.246788152955519E7
45670.3169531746,6.761580319431387E7
