Time,Cost
1102.7725511111112,692728.0412317457
1526.276777777778,625135.3780940152
1026.20473,767753.2132269951
1189.2540342424245,646611.572912904
