Time,Cost
68928.85302857144,1.4019520331821513E8
68846.16017142858,1.405093490866437E8
68771.0616,1.4398736843094814E8
69057.80100444444,1.3937653987411729E8
69524.7596,1.3825904510872862E8
69137.0733288889,1.3865136324793807E8
68897.32004,1.4026744204309747E8
70193.01102857143,1.3771385550522637E8
