Time,Cost
88568.90513166667,1.74097636016318E8
109833.53807999998,1.7021040612893578E8
82874.98203571429,1.8138263900154382E8
85620.15693333333,1.7882073709376153E8
95749.44018500001,1.7041549306156793E8
81687.65806,1.9005417054258743E8
95577.91867833334,1.711347948630155E8
94236.35359833334,1.730355788054675E8
93690.12005166667,1.7378125556022665E8
87657.237425,1.7524793863457453E8
87324.0448,1.7733404715128228E8
84798.68293333333,1.801603682765011E8
