Time,Cost
143370.25784444445,1.8363121749693573E8
93459.82849999999,1.9521600421924618E8
102326.06480000001,1.8586701017489317E8
137989.64287555555,1.8567507729765332E8
