Time,Cost
1142.1252022222222,694517.7514672723
1027.0066512121214,872718.4000968433
1473.9963066666664,596584.5054314393
1263.214161111111,630026.8312267317
1070.75838,749939.7942167933
