Time,Cost
1477.090742222222,677082.5681223553
1142.1252022222222,694517.7514672723
1554.4644255555556,654931.9945520308
1574.9393311111114,636229.997357821
1627.599132063492,607163.9255664247
1348.7273066666667,686122.1195177126
1027.0066512121214,872718.4000968433
1082.4658233333334,793920.827620996
