Time,Cost
1142.1252022222222,694517.7514672723
1027.0066512121214,872718.4000968433
1082.4658233333334,793920.827620996
1473.9963066666664,596584.5054314393
1284.6805378282827,667929.1061381312
