Time,Cost
3870.257757292929,1901100.1903973278
4288.850187080808,1847992.4938760882
3557.726504888889,1950461.3974491952
4493.1984225,1771421.146927523
3348.772014555555,1967515.819665562
