Time,Cost
4493.1984225,1771421.146927523
3348.772014555555,1967515.819665562
4062.761430769841,1775854.1614695347
3513.786407646464,1798044.338435031
5218.915302666665,1748664.6350446085
