Time,Cost
272.9912,203961.87952318173
251.44234111111112,224379.87600904293
265.51646,214089.52384237637
383.5733693333334,197830.51577036362
313.6081905555555,203924.7921275983
