Time,Cost
2325.814830046898,804219.5181943693
1199.1026482606062,869789.4569844077
1734.7603226888891,829689.240309684
2107.525687572728,820016.7933739071
1504.805014022222,855351.7320093759
1701.7218089999994,848512.5507164957
2251.8362839940837,812672.3696125641
1571.6622207777777,849682.4342723574
