Time,Cost
1781.0236750505053,1452087.717950374
1877.7970994444445,1139793.6221569018
1740.933765757576,1552731.9601716911
1791.1264714343436,1281028.6676941642
