Time,Cost
1015.8038717171718,727677.5178869587
1000.836461111111,763459.4762462877
1045.7049333333334,649814.5020413378
2196.719716955267,619891.8394255408
1659.0750866666667,634066.705594369
