Time,Cost
1304.9542083333333,684122.2630137628
2017.4622693939393,635151.7250768612
1444.7940222222223,673282.6046268435
2016.5195266666667,662154.303670743
1015.8038717171718,727677.5178869587
1273.3031157575758,691270.5652373738
1473.0323022222224,673087.5703125247
