Time,Cost
1063.7780211111112,775882.4448952777
1093.2559555555556,678013.7553070091
1171.2365566666667,659159.7846886613
1231.0866661616164,606427.4799828101
1167.9961942857144,676928.5993702126
