Time,Cost
343.2065165,107913.26936922655
139.24869149999998,117769.80296692779
339.36022439999994,108188.79616353533
158.26704577777778,110726.36164360555
254.02389679999996,109313.65742104272
241.19119233333336,110053.09614013889
219.84550439999998,110245.20129244623
148.85957206666666,115690.17684033334
245.82082651111108,109811.75194727776
