Time,Cost
93954.79929333333,7.037109815370272E7
86865.21351999999,7.384203881789583E7
93954.79969333333,6.967517825636943E7
89259.56577333332,7.047379039367697E7
86860.03832,7.548727166819835E7
86859.02632,7.619298327189393E7
86860.03792,7.614763057897033E7
86864.20112,7.450135074562228E7
86861.65072,7.514276465609157E7
86935.68736,7.130775807249175E7
86891.415,7.136368463348253E7
86865.70872,7.217180395171514E7
