Time,Cost
3184.111649808081,1990150.8712095055
3443.8242439090905,1759432.8093092998
