Time,Cost
3908.416935333334,1826001.6998997321
3184.111649808081,1990150.8712095055
3511.513144131313,1902784.082991579
8828.59524257143,1823466.1346961919
3597.755249161616,1872407.7880393353
