Time,Cost
3908.416935333334,1826001.6998997321
3184.111649808081,1990150.8712095055
3754.8191902222234,1956317.5237717296
