Time,Cost
196360.0,1.2398002307817669E8
252895.5,9.935427304578754E7
242064.0,1.0603076735497838E8
