Time,Cost
824.7269464098123,664280.4831790337
1114.7185235389609,629668.6172898854
1040.4119481212122,644607.4954619476
930.1438367171719,645864.0931798557
917.0226835714288,662824.5565987409
