Time,Cost
1257.7323469206353,786155.9398062864
1296.7255295714288,778920.054884586
1583.7787389999999,776688.2453358596
1616.486469333333,769513.6637598875
1798.8182159999994,763719.2506083834
1980.0787105555553,762483.4988244363
