Time,Cost
1613.5181780317462,740677.2932688324
1141.8037437777778,802552.1961514358
1228.2470506666668,776869.0528337602
1477.2935634999997,761075.1131679851
1387.4874833434346,763204.3253002354
1182.340357083694,794041.5708807616
