Time,Cost
745.7458786666668,797887.5007337217
1274.560319030303,691167.6876200908
750.6699986031745,759111.7091045979
1112.303665909091,691285.7888957057
786.067162825397,725627.3452912446
784.1913811746031,740241.4088046976
1064.0991793232324,708389.9263597596
870.6953137142857,716419.3930913674
949.1771591868686,709147.1705926552
1068.8331903535354,694242.6542540885
908.1765416666668,711599.9001532319
