Time,Cost
607.6018817633478,509929.8428535779
502.21758305194805,567497.1299492966
519.506514015873,533316.7543734737
557.9589211370851,513104.4833596286
510.11099799999994,559929.6810114984
523.241792904762,517114.65979507007
527.5024276825397,513118.2549357397
