Time,Cost
41.182,20741.787792045452
63.34715,20297.244024981963
51.93256111111111,20645.351243308072
38.76491111111111,22943.587050378785
