Time,Cost
41.182,20741.787792045452
63.34715,20297.244024981963
