Time,Cost
41.182,20741.787792045452
38.76491111111111,22943.587050378785
45.813250000000004,19518.613992045448
