Time,Cost
128973.08729999997,2.0054227674446917E8
104674.16565042736,2.2994841044151813E8
105972.63977777776,2.1876011772481576E8
109160.02303931625,2.0941692686663234E8
107113.7564559829,2.0962020261005542E8
118338.7082,2.0910216102508602E8
124458.38317607842,2.042612112695567E8
105590.97840888888,2.257097337333358E8
123670.79049568626,2.0710632675667167E8
119907.16619999998,2.0801166794768482E8
105534.19173333333,2.2952555685066956E8
119325.6245,2.0855917342462277E8
