Time,Cost
126511.07986666668,2.4777520262324443E8
182761.19689333328,2.268251680141635E8
158445.73950000005,2.345312586013854E8
174023.75300000003,2.305181650071952E8
135820.96959999998,2.3459914790929493E8
134348.0103,2.404585316024971E8
133512.182,2.4639090276559326E8
