Time,Cost
864.9208858333333,550385.4713306276
651.9289047388169,603919.3352040243
733.5171988888889,559650.289680168
675.5523315454544,570599.3857474598
848.8778335555555,553112.9744834647
670.1502616666667,593825.6922551516
