Time,Cost
62866.0769,5.771791725967803E7
34644.881445079365,7.03301369185841E7
42649.788044444445,5.8559964112118535E7
37173.28716666667,6.005630241858984E7
34715.85608,6.90721799049841E7
35714.4942,6.470478656717687E7
37131.86266666667,6.4131420001968674E7
37067.23746666667,6.418029286509224E7
