Time,Cost
36825.63,7.121041993250036E7
51527.10112000001,6.301711636075334E7
38544.4443,6.904667979765868E7
47863.53380444444,6.3611813949447E7
46573.1578,6.460958506575413E7
43683.970869047625,6.618866919515986E7
39679.761119999996,6.82538832705574E7
45034.59284444444,6.5607675785431154E7
40723.49375,6.6614234769134715E7
40517.95991666667,6.6819699482430555E7
