Time,Cost
91886.26032,1.7619724103421506E8
165696.8393377778,1.5754107213780254E8
122670.73892666669,1.629516230579309E8
150623.24518666664,1.6179918447549966E8
156493.57421333337,1.60661696027639E8
102026.91769843138,1.743937709600601E8
110008.9092066667,1.680459402601962E8
108582.98076823531,1.707533451750621E8
102234.8493,1.7173572710420972E8
116924.35586,1.654979937128734E8
114116.35492666667,1.6637137984222665E8
116911.34806,1.6610833171638E8
