Time,Cost
911379.9983000001,5.377664390500237E8
870707.7716,5.429731095684896E8
781038.7368,5.452574856536345E8
946575.2456,5.0647247582327116E8
609407.0777999999,5.582539959642525E8
1111982.27455,5.029236643468384E8
