Time,Cost
16080.0,4705024.825396826
8613.333333333334,5106524.07081807
15299.000000000002,5015554.9381239675
