Time,Cost
941.454670095238,565230.3258418267
582.8770886666666,633503.8010786773
830.0192371111111,566418.8153111232
587.2347433333333,618127.9956383238
707.1046321111113,569594.9662882404
668.0484484444444,576727.0813354031
616.3448058333335,595635.8078589115
660.6362034126984,593926.1781675678
625.3955366666667,594620.3711497177
