Time,Cost
490.49198409523825,607556.501844395
625.5227523333333,507762.31337795214
573.7740472063492,525147.3845860144
516.206331111111,579647.5442777362
526.7797107186148,545048.7223404733
523.7431571111111,557497.5652622067
552.974254,538151.0563266486
516.2223153333334,574042.195352155
571.227931111111,536897.224530448
555.9807762222221,538014.9106736216
