Time,Cost
107201.89598,1.978982180277589E8
191081.77365,1.8618985673430791E8
153816.93556888888,1.8834812054685393E8
112256.30383333332,1.9367579024737564E8
140537.9527,1.8952256503261393E8
133753.67988666668,1.9094542632772988E8
130649.3225,1.9198467316772193E8
147959.87841666664,1.885655260132832E8
123763.7521,1.927795358586306E8
120350.25265,1.9338428288734528E8
