Time,Cost
2672.277938055555,1231549.770417893
1979.9582417619044,1414645.9315912693
1982.6095484444443,1316896.8023183898
2146.8398102777783,1294616.6949438278
2785.0443482121213,1230273.8998076506
1925.4487235555555,1496422.8464969671
2399.396554,1245355.5698848628
