Time,Cost
2672.277938055555,1231549.770417893
1979.9582417619044,1414645.9315912693
1982.6095484444443,1316896.8023183898
2146.8398102777783,1294616.6949438278
2588.6077693333336,1263040.4274817402
2785.0443482121213,1230273.8998076506
