Time,Cost
561.8967143333334,585137.5190378815
711.8098747575757,553210.1395788465
623.5621958434344,564094.2085737213
599.7385135396826,581037.4885072729
711.3827979999999,553849.1731751688
