Time,Cost
1566.6293622222222,598245.0360930376
1047.259737950938,661405.1504136941
1356.0346132323234,651001.6641368361
1015.3176094444445,712469.3517183984
1357.9134642857139,647141.6028599312
