Time,Cost
1473.8794033333334,649531.7757756202
1107.91107,738710.1886740733
1566.6293622222222,598245.0360930376
1173.6897453968256,664068.706208395
1416.0086601010098,659232.0496354289
