Time,Cost
176.49137699999997,112244.86899706868
304.5437436,108072.26426429194
185.11364066666664,109954.44547602584
246.20645199999996,109126.27372550881
427.8693836,105668.60948649241
469.2364439999999,103354.92697789091
175.82049999999998,112758.486300525
144.39125955555556,117592.86538336317
257.5767543555555,108636.77195675003
149.1053926333333,113764.76596144719
