Time,Cost
686488.9539999999,3.233039848677188E8
367134.4432,3.7934321599755245E8
389429.37599999993,3.3623353604617035E8
369024.0945,3.4071471532514405E8
361398.7429999999,4.1077314310807985E8
