Time,Cost
231.55994722222223,217879.99200305305
284.40308,204046.39635028486
441.733704,198087.91204722226
323.97569666666664,202032.65870752517
283.38420999999994,209500.08214123742
248.46980737373735,217243.11786476016
261.91586499999994,209543.9888251035
