Time,Cost
251061.031,1.6013395118465635E8
309546.7294166667,1.5604173204751477E8
243997.20188333342,1.6508300121668404E8
242577.3672,1.8516338523914352E8
325743.56120000005,1.430962781874777E8
