Time,Cost
260392.94886,1.385019179007621E8
222860.7081,1.4878530124885938E8
