Time,Cost
181717.0,1.2011042043589742E8
317680.0,9.97242009978355E7
210475.0,1.0040644497619048E8
180040.0,1.2205911046154825E8
