Time,Cost
244300.0,1.1524196667887667E8
190592.0,1.2267369266666667E8
317680.0,1.0524165233583082E8
247580.0,1.0860348178754579E8
246000.0,1.1054418754395606E8
