Time,Cost
244300.0,1.1524196667887667E8
247580.0,1.0860348178754579E8
246000.0,1.1054418754395606E8
181717.0,1.2011042043589742E8
317680.0,9.97242009978355E7
