Time,Cost
166840.0,1.1108401383333334E8
178200.0,9.415027210317463E7
