Time,Cost
845204.8299999996,5.780526525119172E8
645767.9528,5.855185584814014E8
855495.35,5.723843118651406E8
1151943.129,5.479222258641905E8
880783.2027999999,5.651686722792362E8
864801.451,5.686858431101149E8
