Time,Cost
774353.864,5.225699315884591E8
781357.684,5.1621684024221826E8
853964.215,4.921869591018018E8
610340.8563999999,5.717895814535712E8
765539.7636000001,5.2697856850645894E8
669582.3917999999,5.394706084378434E8
924377.87048,4.8432168860544306E8
642182.9432999998,5.416353446248481E8
