Time,Cost
1054.8961434126988,427222.623402684
618.1757722222222,554143.1926149385
734.7179118181818,440860.6383281566
963.8865853968254,438471.6453029149
645.61568,457568.15869980876
620.9407844444444,479521.2740673127
656.7975577777778,456759.136939228
