Time,Cost
1054.8961434126988,427222.623402684
645.61568,457568.15869980876
656.7975577777778,456759.136939228
627.8552477777778,458445.6404996212
621.8410552380951,467701.2871193143
588.9983733333332,470065.11771443003
563.06234,513376.3837534812
661.910761111111,433228.53976983397
