Time,Cost
953.3421722222222,686985.9941019744
724.0771601587301,835009.029008639
769.8339817777779,707470.5683108892
744.286922292929,812131.9641734507
885.2984625555555,705588.1593232244
919.4981509696969,693942.3368396504
