Time,Cost
724.0771601587301,835009.029008639
1457.4479966666665,673655.3691623713
1073.5949288888892,675101.2950328769
1361.4305251111111,674969.9113439965
754.8356450086582,718429.543144713
733.6902705555556,794654.4296436849
740.8272778989898,768370.3150542717
953.3421722222222,686985.9941019744
784.6827243759019,693584.284951268
883.0602344646464,688463.8097576069
769.8339817777779,707470.5683108892
738.3823368989899,772858.7673451178
