Time,Cost
39.88766666666667,19685.70465676407
42.314,19312.27944323593
37.669175,25722.772083560605
38.31805111111112,22583.072697878786
48.25214444444445,16811.11185986652
