Time,Cost
3326.9640495656563,2042739.3692857209
3493.1160821067806,1756517.1349759111
