Time,Cost
3326.9640495656563,2042739.3692857209
3559.4867982063497,1877937.2187158065
3499.9607223722937,1908896.1337723183
3985.3262160317445,1861161.08020754
