Time,Cost
3493.1160821067806,1756517.1349759111
2984.7695575555554,1994599.0290388605
3825.668422919192,1709291.4915829734
