Time,Cost
321.3883466666667,202738.3019485858
251.6488542857143,226925.2284729148
322.29645155555556,202337.8011768789
264.756040952381,205630.0783946648
255.9262555555556,211486.70832076395
459.79163600000004,201848.74681984237
251.7757366666666,225420.1355479823
