Time,Cost
374143.8,6.658015922209164E7
190802.0,6.703435458241758E7
168640.2857142857,8.89470807121669E7
