Time,Cost
512.0459466666666,547307.4968456076
873.7506747619046,481088.814101864
741.664046888889,486852.28713762166
521.7684993333335,540450.3089066683
524.9590266666667,515328.20836867567
571.8193040000002,498824.35814750707
608.3327565000001,495111.7678814284
556.041360010101,511799.82904331037
678.5194248333333,494343.65765049274
693.4876842857143,491254.98782927357
544.6967206666666,514521.3295305276
692.6696913333332,493350.205055449
