Time,Cost
172016.42919999998,2.152502862139905E8
135897.5366,2.383357650071926E8
169874.0134,2.2176891425771138E8
140952.19580000002,2.3324141556895763E8
158831.59835999997,2.2321308225289452E8
144906.38259999998,2.2936675913975146E8
146929.66499999995,2.271985315099627E8
153560.13099999994,2.2545895830746216E8
152786.64734285715,2.271617038275054E8
153516.85679999998,2.257430377400458E8
