Time,Cost
115448.4589,2.4445000503674173E8
153595.4393,2.0172809385048378E8
117515.05871142856,2.229775039511749E8
128602.53770000002,2.2241419093184724E8
138593.8297,2.2103172477377853E8
148360.985,2.0778603082744524E8
139621.0075,2.1305237274256086E8
145615.91039999996,2.12666704952734E8
