Time,Cost
310.8478288888889,203394.8694990151
342.62640000000005,203358.44063911607
382.4125016666667,196844.93221170164
265.618864,209000.68010202784
231.05127761904762,212491.9931527382
288.87752666666665,204439.12368188964
344.14843399999995,197968.10114316407
252.73640300000002,210282.96229258837
273.99486666666667,207558.30481702022
