Time,Cost
310.8478288888889,203394.8694990151
303.83600000000007,204525.99955707055
342.62640000000005,203358.44063911607
382.4125016666667,196844.93221170164
265.618864,209000.68010202784
358.01495600000004,201825.3251582777
231.05127761904762,212491.9931527382
