Time,Cost
310.8478288888889,203394.8694990151
303.83600000000007,204525.99955707055
255.13696,214629.33673469324
342.62640000000005,203358.44063911607
382.4125016666667,196844.93221170164
249.59499,215434.81615455804
244.7782546666667,220994.20187651768
265.618864,209000.68010202784
