Time,Cost
296.05319,209126.43124553032
279.673972,211943.12864570707
270.82977555555556,215057.6987368686
310.8478288888889,203394.8694990151
303.83600000000007,204525.99955707055
256.37228444444446,221026.4690502148
545.12813,200751.28990738015
421.25956799999994,201770.62264409094
257.20464499999997,215230.621232718
