Time,Cost
115554.4012,1.993037816368733E8
184951.46569333333,1.8098983511340696E8
140486.02810000003,1.908311386004054E8
152185.0373,1.8789614604346922E8
121413.54596444446,1.9391596054870376E8
182313.97604,1.859926547954899E8
173013.91274666667,1.878035045141255E8
117767.01140444443,1.9641570939255166E8
