Time,Cost
150943.32821,2.799961211809282E8
196258.59399999998,2.5810375037106705E8
152256.399,2.668771225968384E8
174085.5237,2.5883720181713614E8
166563.95799999998,2.6367263878352982E8
173410.72220000002,2.6232927002119055E8
