Time,Cost
1039637.2898999999,4.710877172851725E8
657295.3043999999,4.8962861193145686E8
573985.2018,5.380569526829122E8
620654.688,5.200737115995657E8
