Time,Cost
216604.8,3.686676523885918E7
40539.11111111111,4.428497256660006E7
41521.11111111111,4.18727105073358E7
149600.9777777778,3.718294379018693E7
95537.5111111111,3.77894567048507E7
44160.0,3.962948163101604E7
59893.0,3.830901246812011E7
115630.4,3.7491486776566565E7
131740.53333333333,3.729769729692856E7
51885.6,3.930462989949266E7
52658.0,3.910816703363303E7
53254.0,3.867083846812011E7
59213.5,3.840530657958708E7
53307.066666666666,3.857719388344988E7
