Time,Cost
513.7639399999999,579097.1926246948
688.0053595959596,505371.9035847094
530.2742888888889,529484.8108234507
660.6509651111108,515125.45992173493
519.4172895959596,548791.8416486328
627.169645920635,519379.6811059019
514.0950703434344,559732.4415506352
569.2531415555555,525085.4979719587
590.5626848888888,521169.0106715693
583.6367351111111,523134.85976456106
