Time,Cost
133703.1101,2.33324043406579E8
169050.73261666668,2.1604948851475936E8
155094.80019999997,2.1995813623036274E8
141426.45513333334,2.25705407084944E8
150070.8922,2.25081657082362E8
149038.0437,2.2568048248217273E8
