Time,Cost
185869.6115,1.994762124679621E8
117957.01879999999,2.2559382307801187E8
164842.6653,2.0152466151910922E8
121874.53909999997,2.1898364696130928E8
143398.1573,2.0253145577604273E8
132600.0564,2.079396061504516E8
122710.6584,2.144873776645036E8
127332.95855,2.103337836599767E8
142077.17729999998,2.04683476477268E8
