Time,Cost
437.93214933333337,547358.8676557008
821.228768,465971.1310754834
439.5696333333333,534094.6012348894
456.1149369047619,497798.44964808313
704.1707919999999,474202.27695450967
774.3788425555555,471415.42831511394
502.09610033333325,483808.48334712244
570.07177,482803.53075758694
494.97570314285724,496108.1736860366
641.0478963333331,476498.1436029142
601.5005061038961,480937.9563516521
614.9185939999999,478886.2691896395
628.53501,477745.302455458
