Time,Cost
224.21514399999998,108267.84292486767
148.9712248888889,117059.66727518509
152.67997733333334,115346.65311468334
163.49601799999996,110950.53816313132
143.23876,118522.75109580408
137.543284,121003.53265183837
179.46030166666665,108433.23880084098
