Time,Cost
1500.7767242363636,1025772.2350122154
2062.5217259090905,837519.68571777
1508.7207564792204,870660.7090877073
1719.7349652842706,869534.6113379103
1834.6867123444442,862783.3113134342
1977.4242584888889,862662.7633233384
2014.168799962626,860924.523473996
1991.4073328888894,861200.2798527121
