Time,Cost
1321.7372593237374,869187.4849214385
2554.9082827414145,797813.9755501546
1554.565498233333,853795.5572732628
2035.8768264595965,805454.9052156279
1609.7672704070703,835068.2635947327
1664.5098297075035,812919.1410554434
2347.0494887807363,804034.7236709335
1632.733752371429,820051.3699461707
