Time,Cost
1830.7927626343433,792957.1393479328
1260.7574926333332,964778.6325986966
1321.7372593237374,869187.4849214385
1458.2173954646466,829143.2742905957
1572.0603558825396,796754.0343433921
1756.1878797616162,793798.5320536338
1533.139603069841,815259.6844341739
