Time,Cost
51509.40609999999,6.539101341263351E7
51606.039766666654,6.47685606011047E7
51573.67723333332,6.507648110131168E7
51745.6864,6.216818584410796E7
