Time,Cost
1069195.0555,5.036633572764535E8
876796.0148,5.342441829508151E8
693207.128,5.543532771576959E8
865552.132,5.517643759018506E8
969715.7459999998,5.310670882155935E8
