Time,Cost
693207.128,5.543532771576959E8
731112.5444,5.2217913116927654E8
830332.7008,5.016225852323381E8
803802.9961,5.173739014024442E8
