Time,Cost
69174.35350222223,2.853166139861861E7
24684.99856,3.26228275988412E7
54855.552355555556,2.8705907568086073E7
48558.99147333334,2.9464741206850756E7
36182.21434705883,2.9520973563027415E7
25388.864275555556,3.002897153875364E7
24685.004226666668,3.131029015232428E7
31915.74559372549,2.9787538668652587E7
25251.215392857142,3.071809038428599E7
25230.55624222222,3.1012251192898836E7
24842.944833333335,3.1108383784089744E7
