Time,Cost
30476.52812352941,3.595712277188994E7
26765.859566666662,4.098291908462967E7
27158.274277777775,3.78411541747549E7
29052.259289803922,3.7067357759485796E7
29822.59722352941,3.643363588508647E7
29836.277403137254,3.62437790567645E7
