Time,Cost
554.4737108080808,598675.8763176019
1042.0656322222221,537781.153197162
582.3500240000001,549916.6444411
557.2647833333334,592549.8685424435
812.8114552164501,548543.9358443763
952.6703383722945,545384.5576789042
897.3859185151516,547813.6932691315
