Time,Cost
1022.3232516666666,489916.93084755854
471.3592443333332,560471.4678669032
828.2743356666665,492715.588411272
657.7977683275611,493781.37955958454
471.8323141666666,538183.8364031814
599.0183481111112,500328.8517893041
523.0280450476189,514624.52283170936
515.8621499999999,522045.52053771215
535.1194283333334,504625.73229521397
510.42930799999993,532892.7844630477
571.1982874386724,503693.9139738756
502.27545365079374,535570.3986942322
