Time,Cost
642.184568888889,513640.1461189394
1099.30813,450516.703630884
965.6886099999999,457509.07650962134
664.5840238095238,479237.5786294625
788.9663866666666,459102.2836353358
756.2619933333334,468619.7320380627
735.4503072150073,472273.51597523823
675.5341988888888,477587.81225868675
