Time,Cost
94645.96042666663,1.79683287762427E8
84255.96714666665,1.8199631902642336E8
87245.44166666667,1.8124361988458535E8
88484.68846666667,1.8040080731073794E8
98166.25610666664,1.7749809347817805E8
93803.39047999997,1.8032527597703946E8
82049.33483333334,1.8610505410987526E8
82641.47443555553,1.834487498398031E8
129035.62640000001,1.7600704126925278E8
