Time,Cost
133891.9787,2.390700949580391E8
203560.7132642857,2.280543525140088E8
134587.3172642857,2.3827262184496337E8
130645.6316,2.3988502655610353E8
147456.76673904757,2.2897517505633456E8
134876.33296075754,2.366155142858133E8
