Time,Cost
146212.91055,2.7574026838004804E8
159074.6802142857,2.6758659475768188E8
200372.5924,2.5601544203434324E8
