Time,Cost
170329.36100000003,8.305599754935049E7
162243.35679999998,8.419142866603181E7
145847.03999999998,8.658460032188798E7
113007.742,8.82024735194976E7
98543.0475,9.148363514953308E7
