Time,Cost
170329.36100000003,8.305599754935049E7
162243.35679999998,8.419142866603181E7
123708.61249999997,9.160426275085972E7
142829.53439999997,8.928237810797457E7
111384.50559999999,9.744874871895179E7
118178.19599999998,9.519464505157416E7
145847.03999999998,8.658460032188798E7
143677.568,8.8238111596828E7
