Time,Cost
1272.6835833343434,980522.1128590386
2299.601869192064,812912.7848088726
1922.0006518878788,822074.3748530692
1403.8239201454546,912532.3862928078
1348.6613198145747,954337.6246413161
1519.7247220381673,861585.006397966
1652.464139302886,850417.5179814185
1768.1256972111107,845006.9925563701
1460.7848728997114,877803.8249627479
1415.9834694679655,892583.4425574066
1840.880905898557,828290.441932804
1311.612754178788,964913.5770676747
1905.934173905195,825348.585922261
