Time,Cost
15106.8,2286473.703835381
5172.8,2511116.6018817783
5181.6,2510495.069166128
5203.466666666667,2479267.381598792
6924.416666666667,2321041.0911441497
6897.066666666667,2331146.984701573
6047.9111111111115,2471106.096818214
15109.7,2248452.624506213
6620.549019607843,2439103.4731020606
