Time,Cost
154505.03611555556,2.1938597935052416E8
166483.97119999997,2.1657055820197976E8
135065.58695,2.3332615681346822E8
141472.39061333332,2.2243310627327695E8
162208.72314666666,2.1824968281599528E8
