Time,Cost
458118.996,2.0652460696440333E8
250900.24199999997,2.2513466479825535E8
315414.19399999996,2.1437925194701707E8
340287.75,2.0969210040048167E8
