Time,Cost
1136.7227287878789,646042.2064152994
1970.7951912698413,610491.6940531497
1234.801966060606,633352.374050978
