Time,Cost
1136.7227287878789,646042.2064152994
2287.3466788888886,634776.4677595458
2466.6498645238094,627819.4155009919
