Time,Cost
1136.7227287878789,646042.2064152994
1714.1927833333334,585983.0308062952
1195.9538833333334,631854.8226805303
1004.6027477777778,716723.0182668508
1322.8965451515153,593559.3055587878
