Time,Cost
617554.347,6.2005613217331E8
797953.3533000001,5.874143558711054E8
600871.2895666667,6.677730158064852E8
814261.7610999999,5.680554733541908E8
820813.316,5.448397938170009E8
