Time,Cost
617554.347,6.2005613217331E8
600871.2895666667,6.677730158064852E8
820813.316,5.448397938170009E8
705941.2407999999,5.58258749443203E8
606193.7182,6.216094907530477E8
638222.3337,5.595378665410589E8
