Time,Cost
1477.32114424228,1069929.6501512825
1971.2587088318905,847705.5998749486
1570.4594303937952,917099.8147677591
1506.7038501994225,1010268.8925771532
1676.9939843165944,894470.4278143772
1900.9603769922078,875292.0878429863
1499.4676753168833,1051025.618816175
1786.4414470536794,887663.9641808721
1801.0199768353532,884085.9861606086
