Time,Cost
91781.92087999999,1.773045796886897E8
79300.97382666664,1.7823973677525455E8
98499.03706666667,1.7358294371145323E8
93961.31726666668,1.7401012819983172E8
93146.54960117648,1.7708950379536447E8
