Time,Cost
149933.60520000002,2.2678186033203086E8
134844.8078,2.3444604337101522E8
140444.89335000003,2.3314700316548216E8
142644.1201,2.2802862864870828E8
141570.68450000003,2.2938731557492414E8
