Time,Cost
3434.7005334761907,1619001.3652911233
3401.197512782827,1937214.9933064687
3197.1682987575755,2133177.346066252
3242.7840246313135,2069463.6013986405
