Time,Cost
576248.8400583334,8.913154851331666E7
99757.58299999998,1.125372258636161E8
132868.38299999997,9.765617605873127E7
118563.97353333332,9.803579363593812E7
106409.68561428571,1.0187239220370023E8
165553.7796,9.594389061125259E7
444190.1014833333,8.985212206868266E7
314366.21660000004,9.172365596601954E7
607096.9622583333,8.845464786891666E7
152879.6085,9.688065689176899E7
193995.1229,9.474182776560825E7
