Time,Cost
106480.31869999999,2.4050784084118453E8
313412.05385888886,2.1369278633043253E8
122767.27828412698,2.245186019356544E8
223029.07796999998,2.180986938149542E8
120991.607,2.336364912459691E8
158312.6323,2.2139121721608785E8
272150.66000000003,2.139000834359567E8
172756.9714677778,2.1855278770937628E8
106620.13269999999,2.3706034667486113E8
265931.25,2.1805422195027557E8
119615.32386666667,2.3486899046192238E8
269433.258,2.1723232369313744E8
162273.14949,2.1906597407437107E8
