Time,Cost
162508.4505333333,2.794240797411544E8
196974.1002,2.6420667654442167E8
171458.27907999998,2.736211218591464E8
186543.17519999994,2.6972944605610096E8
196598.9687,2.6919712748794544E8
