Time,Cost
25195.841666666667,4.531222599811635E7
42299.57182333334,3.472523422306338E7
35193.73275,3.6553619678121224E7
26938.438999999995,4.403558796356301E7
28933.047364444443,4.0440228851077385E7
30124.4369372549,3.709714456132832E7
27187.533999999992,4.15007197131477E7
30110.161816470583,3.758351380917462E7
28058.527622222224,4.055536573770115E7
