Time,Cost
213833.64732857142,1.8136044553618586E8
111039.4194977778,2.0181013008057696E8
116871.37054285717,1.946731182044049E8
164482.82664999997,1.9259685485837537E8
212153.90719285715,1.8469290901857594E8
186168.21545000002,1.8545207622031236E8
111810.75999999998,2.0149927817751026E8
183200.1425,1.8827241230081108E8
171540.95116666664,1.9131519288687462E8
178342.90764000002,1.90607467631492E8
177616.15139999997,1.9107187103690526E8
