Time,Cost
46244.922333333336,6.57396248811232E7
42776.6268,6.6037915885980316E7
47332.318666666666,6.5183897990369216E7
