Time,Cost
777.1989574444443,493775.13848244934
481.09476911111113,544195.479000931
661.9260616666667,494249.260172316
504.3838272121212,516943.6766415122
637.5835065238095,496062.6715133389
498.09074922222214,528582.1139830765
562.1859446666666,505266.9361037391
590.6166776666665,500600.6750708278
492.7569719999999,540428.7143702174
545.4562637777778,511579.13119129266
495.55810806060606,531767.6605515726
530.7623912222222,513747.9840114639
585.7463520000001,502809.0122601514
