Time,Cost
99659.12334222221,1.6801422900045046E8
167277.38381,1.5424018751747555E8
102148.6919777778,1.6244343475931185E8
154168.9990622222,1.5721769540280744E8
134599.8838,1.6154388725390628E8
147179.7299533333,1.6032135333655715E8
136564.40519999998,1.6039907183825895E8
