Time,Cost
211474.3056333333,2.4806295882879618E8
300151.7929833333,2.225191491285729E8
245906.96849999996,2.3385837397343066E8
233042.63479999997,2.46042562604728E8
274686.11199999996,2.2931034945151502E8
285440.11264999997,2.2644577266278017E8
212261.686,2.466251320508714E8
