Time,Cost
24687.704293333332,3.927851480203229E7
24899.98337111111,3.394624014438373E7
77555.31476888889,3.341836277209453E7
24860.70462,3.3975575406253435E7
24687.793626666666,3.9079444503880665E7
26943.583397777773,3.388870931793571E7
27078.835049999998,3.372088994811791E7
24739.70917111111,3.451492126617502E7
24685.329977777776,4.173936703113466E7
24688.075264444444,3.47357023964494E7
72900.59267555556,3.356013375628997E7
