Time,Cost
137763.59239999996,9.14079755749661E7
110403.18199999999,1.0131470570386069E8
142004.21499999997,8.791875499190757E7
106892.9256,1.0279359001948424E8
