Time,Cost
516373.6143333334,1.457598680094867E8
324133.81718333333,1.6523653818173224E8
318938.59315,1.7491739869916096E8
403863.3059000001,1.546654897467167E8
398193.81330000004,1.5823322678205848E8
