Time,Cost
159605.79772444445,2.3783119676500964E8
123976.0262,2.412514291080066E8
