Time,Cost
81536.44444444444,3.8291886131149895E7
53792.0,4.064094877400704E7
73600.0,3.880066540099117E7
57344.0,4.034782465495942E7
78520.0,3.845355785337212E7
76564.44444444444,3.859001027400704E7
73652.0,3.8707645924800694E7
56968.8,4.039397672638799E7
81484.44444444444,3.829768777400704E7
54167.2,4.052389979781656E7
53849.0,4.053838520257847E7
