Time,Cost
1932.0490305555554,1043381.6358407073
1763.8390797085142,1053409.7052570914
2413.4972340793647,914784.5834412812
1757.6258842222223,1064253.2672459774
1734.5473733333326,1261425.5529458597
2305.5675439191923,979129.1998341463
1963.3429528888885,1031442.4557436006
2233.143304666667,1020739.0421302352
