Time,Cost
2413.4972340793647,914784.5834412812
2394.3927174848486,926811.058067727
1569.6582421717167,1022927.0788825159
1793.4896182575758,943575.8524423835
