Time,Cost
879.1641778575756,823235.6041213421
967.137024725974,750069.4974620789
881.5874340949496,775983.9519752341
975.8948487590909,737458.2257246453
1029.9347128454547,734433.4322065101
984.5288228702019,735134.333369823
1146.825721344444,724825.2639620301
903.8718306444443,754411.0887131959
974.0609407590908,738759.4601833264
