Time,Cost
250453.55372078434,1.6151732284920275E8
364599.89979999996,1.543717656035262E8
341413.18310476193,1.583191071516412E8
