Time,Cost
7471.900136830158,2127443.4114249307
6667.079412344446,2161162.0860105855
6288.356193873449,2247417.808972239
5253.656434854545,2266393.8308725036
8068.392517377775,2123310.2428268483
