Time,Cost
5253.656434854545,2266393.8308725036
6425.045814433046,2029173.1562061883
6144.373442388892,2090382.3717737196
