Time,Cost
114615.8412,2.3855585591395527E8
319749.8738566667,2.2933748201234195E8
183099.81851153847,2.2936650326857767E8
121800.24474666663,2.3416856333792296E8
151062.19725042736,2.300662065200918E8
150183.98961709402,2.323696228525156E8
136303.87383571427,2.3361522903237224E8
