Time,Cost
943.3451377777778,815962.8952951261
1093.2955,785474.4432644804
1726.5694144444446,617998.2425809517
1176.5849709090908,645027.96949404
