Time,Cost
943.3451377777778,815962.8952951261
1176.5849709090908,645027.96949404
1358.3598444444447,605744.1189824062
1059.5063599999999,728404.9230111111
1162.9637316666667,650393.6308058834
1029.7372484848486,762650.9109232067
