Time,Cost
211581.0,7.143580555882351E7
163616.0,8.030912519658774E7
176140.0,7.224182187315953E7
168725.0,7.960229792429793E7
