Time,Cost
25426.976708888888,3.9525993965882726E7
46974.04352000001,3.503823113248465E7
33892.280493333325,3.623190865821672E7
43057.85052000001,3.5900563028931096E7
25872.916282222224,3.9026125774987966E7
31370.25920888889,3.704847406192801E7
28287.161169047617,3.7579538745250225E7
27286.285607142854,3.811045507131941E7
46649.914306666666,3.5643811655051105E7
31589.46962,3.668782197035961E7
43471.62526666667,3.5698544061278686E7
28286.92113571428,3.7973952217014715E7
