Time,Cost
212690.0,1.0115219836227827E8
209832.0,1.0895054306349207E8
193200.0,1.1303357031979457E8
180060.0,1.137988006375781E8
