Time,Cost
212690.0,1.0115219836227827E8
198460.0,1.3999404935714287E8
