Time,Cost
212690.0,1.0115219836227827E8
198460.0,1.3999404935714287E8
209832.0,1.0895054306349207E8
