Time,Cost
275959.11955999996,2.11337409199755E8
118229.0804,2.280121265491203E8
141010.77876428576,2.1250147779901522E8
134560.15319285716,2.2205873200419995E8
129885.24845,2.2316648654105622E8
125452.7729357143,2.2725839824753293E8
128861.38440000001,2.2548130121179903E8
126825.8459357143,2.2580623891127416E8
