Time,Cost
331483.93421333324,2.253999613190342E8
127040.37365714286,2.5403325042173323E8
253405.53301777772,2.307587233545026E8
155692.19,2.3325256000910395E8
280028.47362666664,2.283432787605787E8
129797.5343,2.464116120118872E8
153211.30216428573,2.3358853250951582E8
145289.7767,2.3938369309412992E8
144820.21845714288,2.399680075820954E8
142970.00129285714,2.456579801131828E8
138948.0663,2.462392302185973E8
141610.87716666667,2.4570668128868133E8
