Time,Cost
279736.2528166666,2.003498707993685E8
106512.93445333332,2.3596492428942144E8
108395.7214,2.2053891556392696E8
234429.64821666662,2.0411058908373636E8
153425.2652571429,2.0413725027864265E8
245786.53238999998,2.018531962456363E8
124170.82268000001,2.0741268191787133E8
123650.47516,2.151848773639564E8
117439.2119,2.1632531468782723E8
279256.17379999993,2.0106260430714998E8
132409.6404714286,2.0661169517962313E8
145203.61725,2.047358568771351E8
