Time,Cost
36.02704343434344,18615.553071212125
28.064666666666668,19556.983854040405
38.415365656565655,17854.004616262628
