Time,Cost
22.15542,12607.931213834776
34.33837142857143,12338.572080699856
28.17595611111111,12347.439330699855
23.001959999999997,12541.10850777417
22.86653111111111,12566.513598557
24.11852,12451.822516053391
24.03990611111111,12475.225691810969
25.21452,12402.497705699856
25.42395611111111,12396.163955699858
26.19031055555556,12392.055025144302
22.79542,12567.056887445888
23.455420000000004,12492.282491612556
23.308795000000003,12524.84175241703
23.37990611111111,12511.624536255411
22.69196666666667,12585.707869588743
25.170606111111113,12417.511043199856
24.20579272727273,12448.814580699856
24.31942,12434.671380501446
22.40877,12603.487637445887
27.92260611111111,12353.773080699853
23.32118666666667,12512.068980699856
22.50796666666667,12592.181845977633
24.572770000000002,12428.274293001445
23.70877,12485.885404112554
26.46077,12387.549668001442
27.058606111111114,12376.786418199854
23.968795,12475.670136255414
24.390531111111112,12434.226936057
26.53855611111111,12383.287043199854
23.52653111111111,12491.83804716811
26.720795,12377.334400144298
23.78655611111111,12481.62277931097
27.584795000000003,12354.384400144301
24.650556111111115,12423.948330699857
27.402556111111114,12360.337043199854
28.104845,12347.8837751443
24.832795000000004,12418.0590251443
23.126556111111114,12530.561668199856
23.04877,12534.824293001444
25.352845000000002,12396.608400144303
22.668795000000003,12586.363085750361
26.261421666666667,12391.610580699857
27.32477,12364.599668001441
27.31195611111111,12370.389330699856
22.415445000000002,12597.3826126443
27.07142,12370.933418001443
27.65590611111111,12353.939955699856
26.79190611111111,12376.889955699857
24.903906111111112,12417.61458069986
22.486556111111113,12596.804285371574
24.579445,12424.392775144303
23.055445,12531.028512644301
27.331445,12360.7181501443
26.467445,12383.7314876443
23.715445000000003,12482.067223755412
27.14253111111111,12370.552311056997
