Time,Cost
23.877216666666666,14588.08085882035
24.762706493506496,14451.40775781025
27.477216666666667,14450.007757810248
24.2694,14532.558394173886
23.428720000000002,14718.847121446614
