Time,Cost
1197.6977977777779,659899.4924679796
1155.0584111111114,664637.9527067927
1059.6004955555554,696230.8022738203
1113.5427404040404,672900.2649111215
1333.9519280952381,570207.8143505557
998.0804199999999,716937.0525151262
