Time,Cost
1197.6977977777779,659899.4924679796
1038.689425,782718.21255101
1173.0957612121213,684600.6162848125
1073.3847133333334,716241.222424242
1357.3251977777777,625545.0146154003
1043.5532122222223,742967.0157277274
