Time,Cost
1427.5600727777776,647596.423226053
1253.4421680952382,659308.862795534
1120.3803155555556,705372.7445422224
1860.5853453102457,599884.7479399714
1360.6107499999998,659075.4599516663
1107.2251305555556,721771.9802327778
1039.5393666666666,776252.0928589174
