Time,Cost
164789.5,5.949993464845938E7
168738.5,5.464304855921856E7
162391.0,7.21260011806119E7
