Time,Cost
1968.8610956191915,794285.8041686801
1033.8447826,953092.1339916424
1465.718156613853,836004.4052974131
1093.3423920292928,924461.0380290557
1691.3184122650073,826376.7401387409
1918.8684273777783,810112.1992869931
1268.2736016952383,857559.7704998567
1387.655661344589,852905.7853963656
1745.046239418182,812717.7633429175
1245.5563355653683,884791.5011347343
1213.603706309019,908079.0428282941
1220.0472763579362,901068.5166109148
1219.739596209668,901226.2551669764
