Time,Cost
2979.791457148197,933099.4602965631
1773.674273120202,987214.2380966385
2155.624352232179,983150.4402676013
2558.147254903031,936142.4061247347
2186.7845993463206,960268.1409543831
2546.432910788889,953386.5967736042
2331.9190539444444,958378.0758364626
2496.121274411112,957086.1430222709
