Time,Cost
1076.989323030303,453701.74865358573
670.7810588888889,542123.6720824349
688.5153833333333,473058.2508181063
748.7173366666667,457342.8007588168
