Time,Cost
688.5153833333333,473058.2508181063
748.7173366666667,457342.8007588168
684.0951044444446,485162.19992916693
676.6573895959596,490429.6104272729
639.9612233333334,501619.63333997485
625.5232111111111,511129.29788131674
662.4653222222223,494714.3446604151
797.2037155844156,444738.07176465343
