Time,Cost
64431.0,4.062990973076923E7
60516.0,4.112927961965813E7
