Time,Cost
60516.0,4.172451071489622E7
64583.46666666666,4.127241254822955E7
