Time,Cost
504.86618222222216,506521.3424406616
658.7833365555556,494674.2128860321
528.869655,499731.39964780345
579.709891777778,498492.94548477756
585.1956788888889,496322.27100448793
502.7642955555556,511720.9025482898
491.0061751111111,516018.947121778
521.8237972222222,501531.469785837
503.6796405555555,508773.03152077016
