Time,Cost
153.113796,122535.5818843043
200.3318032,109114.03542377955
155.8970762222222,121706.26529078688
161.4223568,112573.97145134647
303.077312,108631.94971444947
160.60552788888887,114406.49202996973
195.37784599999998,112148.2091038889
150.12200446666668,125411.7448653722
