Time,Cost
200.3318032,109114.03542377955
412.13468100000006,107953.98723115513
157.08098679999998,109645.44416881114
256.562804,108621.31247062118
143.95809964444442,116167.67192802226
