Time,Cost
90449.719,6.2879826771096036E7
99003.13890666669,6.167531783215424E7
60181.98079999999,7.208602504296748E7
61822.29686666666,6.819066706390424E7
67948.5724,6.295038043049013E7
103073.59363999999,5.950439304526749E7
