Time,Cost
130519.18237499997,1.9616550588343474E8
232505.9341,1.668542665626938E8
150412.79571555555,1.9252884005069688E8
176666.08689333333,1.747206786425223E8
204839.262,1.6842233385150546E8
204183.5253,1.7452195102891317E8
167155.2840928572,1.7969401392689404E8
151321.321,1.847540902529217E8
155411.09750666667,1.8130761180506536E8
