Time,Cost
102640.1332,1.5562386725327748E8
423640.9622266667,1.3161317445280536E8
240185.2312888888,1.3226344705437429E8
131104.46014666665,1.3488603725074524E8
108446.80432,1.447907902549279E8
128817.25525333331,1.4001964368898046E8
107340.87739,1.499201925746591E8
113422.23746439393,1.403480104541352E8
104032.76446000002,1.5468430959675145E8
107970.14301333332,1.4846506097992146E8
