Time,Cost
485235.5440677777,2.4087463984115082E8
163626.77339999998,2.6266420020872375E8
260845.1673622222,2.4117842627505848E8
230428.65916444446,2.4607082997512546E8
179333.2626,2.5539097399749145E8
188352.27245833338,2.4991677478726026E8
171080.30620000002,2.619669714302508E8
170874.15839999996,2.6211067434905976E8
