Time,Cost
121528.9241,2.4454977578024068E8
204412.3036488889,1.966361920122549E8
125467.70532777777,2.1082611891542643E8
123450.87359999999,2.382031709108788E8
185709.22509777773,1.9711234203711972E8
152285.04984999998,2.0089976032334954E8
141748.209825,2.1022576899831367E8
144043.69434999998,2.0410232826445147E8
142665.29260000002,2.069995863751769E8
142547.96661428572,2.075235635224838E8
