Time,Cost
1433.5078748737374,930874.6044508453
1843.9702645555556,831992.2714020838
