Time,Cost
373.5638843333333,200968.34335464652
294.54813033333335,201785.77972951013
267.9047977777778,209098.04149405053
235.41780888888886,213877.0434974697
233.40947111111112,221297.43471560618
513.7119506666667,200929.90456477736
292.8339113333334,203023.26927403538
