Time,Cost
57626.5470088889,6.625098980454043E7
50466.7166888889,6.717980291969815E7
60056.21140000001,6.550007026621141E7
58206.21848,6.599001821839604E7
60739.793648888895,6.533644695375079E7
47109.06364000001,6.76552404934063E7
66436.14970000001,6.4137965915160336E7
64193.713835555565,6.4546609910111405E7
50614.07960000001,6.6965407926383846E7
46444.701400000005,7.354711931732431E7
