Time,Cost
61085.97001333334,7.10891985856232E7
46442.615999999995,7.704618089502798E7
53862.41818222222,7.164978471853428E7
62461.189462222224,7.054377427272902E7
55027.282680000004,7.156868296712714E7
46835.8875,7.199763005226138E7
