Time,Cost
238513.29600000003,1.709346433617133E8
243620.95,1.45853598977609E8
