Time,Cost
243620.95,1.45853598977609E8
166159.65068571432,1.577027828917388E8
223058.72460000002,1.534620549809568E8
224488.91335,1.489353490868975E8
