Time,Cost
243620.95,1.45853598977609E8
166159.65068571432,1.577027828917388E8
228751.11699999997,1.5404027121789834E8
