Time,Cost
727211.9153,4.9561803420359355E8
939758.7286000003,4.948999032579717E8
679993.536,5.204947432419904E8
573304.1987,5.566399860220891E8
622742.4339999999,5.2228184899243486E8
