Time,Cost
727211.9153,4.9561803420359355E8
939758.7286000003,4.948999032579717E8
679993.536,5.204947432419904E8
