Time,Cost
717097.19025,5.743687930010098E8
727211.9153,4.9561803420359355E8
939758.7286000003,4.948999032579717E8
