Time,Cost
6143.657487222222,2044862.4724456181
7276.181487966666,1957653.0419302739
5596.449041290909,2224772.2446121774
5820.668401956999,2132135.3246665313
5436.19860771948,2625532.9638745664
5568.362521771139,2318457.8787680627
