Time,Cost
330532.7987214285,2.0879794688813823E8
106607.93686,2.322436051914418E8
237757.0311357142,2.1045974508511382E8
121756.40585,2.116073620022916E8
120551.68783,2.2002069162046716E8
115940.3326,2.2337023184686005E8
115918.80679999999,2.2815271586122862E8
115381.12669,2.2953345444752148E8
