Time,Cost
1214.1692854642133,698175.9479830882
1621.7516899222219,652386.1647637731
1407.5890506166663,661308.4828807592
1312.0952305141416,673596.8552018536
1235.3168182269837,677190.8800128293
1217.3925597050504,689408.6795702082
1400.6128726220782,668301.0962298742
