Time,Cost
3240.369257061616,760848.0337870903
1762.1276229222224,812129.0224145825
2347.1247953815296,762187.3620972366
1909.517464125253,777531.83233423
1842.7797927707063,805502.2756298241
1902.584522333333,793177.6642506201
2055.2214676636363,772439.0807763928
1863.692293066955,795045.0575081577
2121.8229035202016,769722.6690120087
2265.001332880808,767130.5688748575
2209.932126242424,767315.9618938215
