Time,Cost
2943.884118192929,835744.1379754087
2109.694167315296,914905.4211218605
2210.704685955556,838964.0481302724
2170.129172464646,887885.3114000368
2150.326564882107,896347.9056693335
