Time,Cost
330019.6874,1.4133414900622517E8
631101.8689999998,1.3455789399997845E8
309742.42180000007,1.7946490220701465E8
