Time,Cost
1561.0353510101006,1182772.7887038684
1961.0471489292927,939722.5688339242
1841.992019646465,974122.2100318371
1696.9750467777776,991164.656784244
1852.5536865108222,969308.2681940917
