Time,Cost
3764.3229932222225,956443.0315613912
1961.843604444444,1045816.8796420742
2019.899938555555,991980.975382121
2244.4978769393933,971941.2919668559
1697.3389603347764,1081159.6911856404
2268.2153686767674,965986.8758069976
