Time,Cost
331638.93030000007,1.608573352323161E8
525725.032,1.5645041780458954E8
529737.2024,1.556153864776582E8
513472.6301,1.5728387566268605E8
321271.0289,1.7052401443286273E8
