Time,Cost
825.4159290873014,626290.1082001355
936.0630164285715,584540.9828823801
884.676135888889,584980.703705808
954.865099,580669.7471033295
999.717229,578342.697067931
814.0535342683983,634527.1936951296
788.5367111515152,634574.015531358
1011.9687346111111,576765.5378319394
1401.4657468888888,562775.6774298773
1044.6032266190475,571558.9305474533
