Time,Cost
82695.65250000001,6.31871851797065E7
47896.41010000001,7.499606356701343E7
48792.0464448718,6.81074309533891E7
56060.667090196075,6.691483170825531E7
66619.3162435294,6.493925001598935E7
73434.69108039216,6.406071181940174E7
73056.54216452994,6.479801820996E7
