Time,Cost
212789.1803914286,1.6099137319240698E8
298909.8588,1.5725305843165576E8
340968.868,1.567558842501432E8
508179.05461666675,1.5387198592630902E8
431035.5649999999,1.5598095446589687E8
