Time,Cost
212789.1803914286,1.6099137319240698E8
235999.16379999995,1.454912246484394E8
