Time,Cost
212789.1803914286,1.6099137319240698E8
235999.16379999995,1.454912246484394E8
181755.32200000001,1.6488478876067236E8
223719.77810000003,1.591466331977311E8
376277.50337857136,1.405638024782214E8
