Time,Cost
340413.1505,1.735710733045955E8
594270.6492,1.4915893916739425E8
470603.1116,1.649740278023301E8
351356.5746333333,1.7111645779967043E8
