Time,Cost
315966.0555,1.9337781727722567E8
291061.61,2.2392250852841818E8
306541.752,2.201293209395888E8
