Time,Cost
340986.0,9.785342974725276E7
209203.33333333337,1.0178823706227104E8
246000.0,9.867027575091577E7
198092.0,1.1046754016666666E8
178200.0,1.1375691511904761E8
272080.0,9.827156885090399E7
