Time,Cost
340986.0,9.785342974725276E7
209203.33333333337,1.0178823706227104E8
246000.0,9.867027575091577E7
186080.0,1.1423372314285713E8
