Time,Cost
340.41273199999995,204470.48644359416
238.22999999999996,216301.9240769545
334.0248833333334,205856.41907608832
399.24385222222224,197766.0819063637
253.604166,214829.6526445935
261.0492954545455,210724.2545924899
389.17130399999996,197976.95105518692
283.73492,207046.72617813136
