Time,Cost
238.22999999999996,216301.9240769545
399.24385222222224,197766.0819063637
261.0492954545455,210724.2545924899
389.17130399999996,197976.95105518692
283.73492,207046.72617813136
287.57608400000004,203069.7762041211
270.85158199999995,207438.78781120706
243.068865,212756.88980332582
268.163364,209875.55529472977
