Time,Cost
272.646296,212659.7057300981
340.41273199999995,204470.48644359416
288.6052266666667,212638.27981353243
238.22999999999996,216301.9240769545
334.0248833333334,205856.41907608832
298.31076,212527.65873839904
301.755264,207773.91574700506
479.46684133333343,202602.51685947823
