Time,Cost
277577.7677000001,1.8383933852476338E8
104954.66967142856,1.967070462046442E8
194896.00634285712,1.8462858396200627E8
158803.68655714285,1.9507634548635298E8
171707.3242,1.879217099662673E8
194032.5085285714,1.8487515280148634E8
169956.23265,1.9152447702881536E8
169977.30907142855,1.8877177292122847E8
160627.60581428572,1.9368926392316845E8
160750.8313857143,1.9232626841986018E8
