Time,Cost
796.7464733333333,450212.6158161615
769.4363842424243,462376.18535027775
961.3557077777779,442934.48994461045
586.0176166666666,464432.12387185433
