Time,Cost
586.0176166666666,464432.12387185433
622.8654585858586,458384.12434185046
851.9118577777776,418201.2619814683
762.7202363636364,438930.4758681568
