Time,Cost
151102.07820000002,2.749437666450085E8
229788.08049999998,2.584088603606042E8
222480.6333,2.682031886425361E8
206958.93667857142,2.7055221316486365E8
164335.63955111112,2.714271039764913E8
218640.2255,2.6967954028055847E8
161674.7188,2.7380005494514376E8
162935.40381777778,2.734921783469392E8
