Time,Cost
1315.2776633333335,671150.3266953928
1550.4016156565654,671097.9141540907
1810.9901962049062,645144.1547533257
2115.4685855555554,643752.4014437876
1058.03858,671892.9311140907
1566.6766055555554,648734.0534482574
2754.1167666666665,580112.4950025503
2247.5660222222223,611922.1667938236
