Time,Cost
1058.03858,671892.9311140907
2754.1167666666665,580112.4950025503
1047.5729655555556,815912.5414344803
1050.0313303030305,803215.4216776837
1128.4443411111113,625881.1817267423
1389.290523333333,600558.3650259454
