Time,Cost
42533.90640000001,6.253664729454037E7
44235.74097555555,6.1763840725334615E7
49808.80469999999,5.993889166653655E7
46955.17527555554,6.099777031819609E7
49234.155564444445,6.029238600881574E7
