Time,Cost
181.9027352,110580.23721043534
148.74264946666668,114436.36916586489
219.40431639999997,107601.43272286262
185.65107166666667,108959.70088696059
154.1577852,113775.28569348888
