Time,Cost
854050.3095333334,4.8587696750973064E8
612145.2076,5.369342165460818E8
689001.1281,5.2511274960582125E8
726579.948,5.0140316836038303E8
