Time,Cost
93196.01130714288,1.0730976625036027E8
93108.65756825398,1.0967737721086283E8
90970.05963999999,1.1165233874295548E8
215104.64061428577,9.299964152797787E7
101240.63237777779,9.794196117861268E7
93183.60327380954,1.082253042881144E8
93199.94261904762,1.0287821152160364E8
93165.33848492063,1.0827985132542847E8
131677.87168571432,9.42696998537421E7
