Time,Cost
169226.0873244444,2.038214363156732E8
109741.03418931624,2.245421241784037E8
137353.6589,2.11431392004609E8
160239.34528444443,2.102915675211851E8
120138.31640000001,2.1875176533193862E8
165760.18508444438,2.0834463190777168E8
111349.5539,2.2166234770041686E8
123792.32740000001,2.1353763715371296E8
122445.25390000001,2.148744118388724E8
