Time,Cost
121738.3809,2.3141172237240282E8
192739.80968444442,2.0822360167587462E8
162696.62552444445,2.1273794387669235E8
177288.98180444445,2.1115384788860473E8
136046.149,2.2010913408866408E8
126877.7279,2.2454229649088636E8
162670.5961777778,2.1882674881154275E8
147532.76598333332,2.192648993009893E8
128526.53528333332,2.2264251783448848E8
124996.61691555553,2.302131959207403E8
172998.65500444444,2.118733752290169E8
157190.96861777778,2.1908106847434178E8
122312.488,2.304614859973647E8
