Time,Cost
152789.99115000002,2.898817676428036E8
179699.1134,2.3132661638394183E8
157195.34053777778,2.495944478618612E8
169917.2434,2.3451983547179934E8
160072.55881777778,2.45319442544954E8
160479.1359,2.400287035479963E8
165313.83719111112,2.387358203618353E8
166986.6214,2.367343343253674E8
163191.5259,2.39905551786477E8
163219.53169999996,2.3955495929491198E8
166819.99524444446,2.369038696236658E8
