Time,Cost
5127.3302724112555,1804413.9300961308
3296.2983504545455,2131868.893938191
4186.764988666669,1850775.826736802
3766.174787943,1964997.1571073649
