Time,Cost
1407.7336411111112,608518.5977386615
942.4399644444445,676985.7043725867
1398.3077657575757,666158.3023227237
