Time,Cost
1545.7271333333333,613315.4493824386
1133.7251133333336,680860.0292561398
