Time,Cost
40603.463240000005,6.611849469490135E7
45187.21332555556,6.529313138815611E7
38782.5175,6.645194365393388E7
46760.61466666667,6.4667319027726986E7
47835.884515555554,6.447557446894071E7
48305.511715555556,6.4063239100034975E7
53401.319845555554,6.376599324255298E7
57359.58296555556,6.312666484911509E7
42559.81931555556,6.5613236622919664E7
45449.02075555555,6.511753795857698E7
56645.04236555556,6.336508245719601E7
