Time,Cost
832078.4173999998,3.9695418695034945E8
602762.0107999999,4.127708337726105E8
463732.2089,4.2464744454918724E8
