Time,Cost
483390.43120000005,4.2472483737598705E8
642823.7359999999,4.2238839543558633E8
479473.30254999996,4.4477155281094E8
825838.9983000001,4.211830869441334E8
