Time,Cost
483390.43120000005,4.2472483737598705E8
479473.30254999996,4.4477155281094E8
832078.4173999998,3.9695418695034945E8
602762.0107999999,4.127708337726105E8
