Time,Cost
2219.2410684841266,782305.1516565424
986.8273317666669,900604.6766173968
1037.6857858793655,839847.561262471
989.0049984333335,895471.724832395
1146.915801811111,828075.0933324165
1835.6583177412697,797198.6084746661
1340.2159927920636,821477.4761221015
1604.0484050226553,799023.8593267862
2077.4953156301585,786974.2897094501
1947.223293371429,789770.5814630665
1601.2934031142854,810277.6211670778
1457.9141123761908,817288.6255751887
1448.7213998111108,817324.0994052453
