Time,Cost
2563.8527374523815,819706.9602080222
1068.6613480727274,923277.6325017563
2189.2573419343425,826055.8386061632
1873.9093298049065,830166.6259777551
1199.744071011111,917578.4844192279
1268.4242479603174,879241.2318701057
1624.037351466811,845048.6994043806
1462.24996300101,861618.4310185047
1613.0924523060605,855895.0013931905
1443.4936718926406,872116.6044189195
1380.2931222000002,876830.1135337384
1353.4035478888884,878211.36288662
