Time,Cost
660455.9311,5.762181794321437E8
629017.997,6.384293331210712E8
888534.9911,5.673176228805484E8
1041400.3417999996,5.502204091313361E8
1015908.492,5.60159823403161E8
