Time,Cost
660455.9311,5.762181794321437E8
629017.997,6.384293331210712E8
888534.9911,5.673176228805484E8
