Time,Cost
619107.9699999999,5.150133882630966E8
870497.8632999999,4.905217802769181E8
