Time,Cost
1889.405731021212,791767.1300751939
1074.2632176651514,851587.4285680838
1347.4848277886006,803233.2776460041
1290.31806122684,850196.1877257897
1790.1152346999997,800803.4842760884
