Time,Cost
548.9268506666667,526720.737236959
528.4979337373736,533296.8100832183
549.0453293333333,526028.0141997595
479.4071874444444,554366.1319836472
566.6464243333332,522672.6335055801
531.635706,529630.0815389458
832.6298873333334,515165.2422518942
593.4276945555556,522046.3376311444
598.491705,519452.0309472235
520.4960526666666,534680.6465879126
502.2480082222222,537432.9534177061
