Time,Cost
105691.95719999999,1.9440317751466897E8
135624.46032,1.6676990574905345E8
111836.75614285715,1.6923920617502362E8
106388.24859999999,1.879161288200076E8
106520.70241843139,1.7516060587925375E8
106837.40155176472,1.723470606790298E8
107335.17475555556,1.7180847533126613E8
112029.27179999999,1.688434106948705E8
108859.0774,1.713911208239266E8
