Time,Cost
350996.9471,1.348158833968129E8
349101.8035,1.5289552883396617E8
318697.83249999996,1.585324219046418E8
