Time,Cost
329293.9524999999,1.7319985429554126E8
350996.9471,1.348158833968129E8
340746.7884,1.6344457268933758E8
