Time,Cost
535733.2546000001,1.60831019596522E8
540078.3347000001,1.5812200192347E8
354158.1234000001,1.619247102426152E8
