Time,Cost
260.95872999999995,216333.61327646457
250.78683499999997,218301.7478925073
317.76026799999994,201649.60704507577
240.62315833333335,225441.32081569696
289.74897533333325,211239.97493988095
268.45690333333334,211641.2901717803
298.6267022222222,203678.56424877525
