Time,Cost
317.76026799999994,201649.60704507577
321.16944777777775,199729.76943982317
301.441345,202517.6096748712
228.34705666666667,213137.9267137323
541.9759306666666,199511.7359323809
619.8946666666667,198217.96028421968
245.16697555555552,203665.08433152532
