Time,Cost
317.76026799999994,201649.60704507577
268.45690333333334,211641.2901717803
298.6267022222222,203678.56424877525
269.3808733333333,210427.80852338372
288.929797,207528.17708865408
273.3471581818182,207623.84071114645
321.16944777777775,199729.76943982317
301.441345,202517.6096748712
228.34705666666667,213137.9267137323
541.9759306666666,199511.7359323809
