Time,Cost
3967.4098318730153,1973989.9759665441
3452.40370620635,2011345.0127672274
3443.734814333333,2495410.948858465
4179.390783737374,1811815.7712456393
