Time,Cost
601.303388030303,573552.6935408677
843.8309561111113,519079.2550266043
805.732172919192,525308.2558790128
708.6338786666665,528810.8471646216
629.1203827777778,544836.9531542683
604.9145633333335,560226.04380603
621.2386787878788,553575.0369848285
691.8528487813852,544754.18155244
841.409782939394,525208.0860186535
698.2038717777777,532743.3137515638
696.5608976666668,539366.167472926
693.8006657777779,540849.092855398
