Time,Cost
810157.0002,5.621000399131894E8
886740.4752714286,5.088672516136739E8
629511.9169999999,5.80606740706731E8
608248.9847,6.048544627229404E8
