Time,Cost
886740.4752714286,5.088672516136739E8
629511.9169999999,5.80606740706731E8
608248.9847,6.048544627229404E8
767345.416,5.438914176473398E8
