Time,Cost
886740.4752714286,5.088672516136739E8
629511.9169999999,5.80606740706731E8
767345.416,5.438914176473398E8
738007.0228,5.611834763365862E8
555622.01,5.995157517644097E8
