Time,Cost
810157.0002,5.621000399131894E8
658829.35,6.312010198032339E8
886740.4752714286,5.088672516136739E8
708185.9602000001,5.892520616089513E8
