Time,Cost
2172.532668020202,960645.9328680019
1695.9968469826842,966960.1552254842
1499.562794261905,1001429.2963732532
