Time,Cost
2172.532668020202,960645.9328680019
1769.559059383839,989548.0509119168
