Time,Cost
6955.776249649493,2066336.949708987
9170.989255960603,2063977.645662519
5649.71094077215,2135160.3883903027
