Time,Cost
77128.0,3.2689850093837537E7
91008.46666666667,3.1585815433886375E7
77138.0,3.1877664407383468E7
80614.0,3.180161799493644E7
86354.6,3.1792172844087284E7
90805.26666666666,3.1754478275766715E7
86513.0,3.1764591800131243E7
77148.0,3.181750603273198E7
90809.53333333334,3.16751476554426E7
90816.46666666667,3.1633114626194075E7
90989.53333333334,3.161897636795231E7
86378.6,3.1780072814783264E7
91006.86666666667,3.160386177088272E7
