Time,Cost
510265.6467,4.778284815591945E8
601650.3945999999,4.200478569545536E8
583467.9054999999,4.3355234917579424E8
683092.7635000001,3.87638363706525E8
