Time,Cost
250975.3626,2.1227181178650066E8
376377.0222,2.0465732155031043E8
406692.56799999997,1.8830085288380003E8
382750.6,2.0309612769836658E8
276853.0978,2.067007248679564E8
241702.58729999996,2.1872299869302383E8
