Time,Cost
250975.3626,2.1227181178650066E8
406692.56799999997,1.8830085288380003E8
276853.0978,2.067007248679564E8
241702.58729999996,2.1872299869302383E8
228194.4802,2.4349160212510428E8
292308.023,2.0207454003547856E8
306773.046,1.8886121619188756E8
