Time,Cost
1650.399181251082,1181128.0759200875
1981.8999535353532,964983.7314391542
1654.239830222222,1093666.784267766
1761.1343887777775,1039184.0102437136
2375.9726485988454,952562.8354276615
