Time,Cost
385758.822,4.0625939252468E8
420032.053,3.716996637403055E8
643432.0982999998,3.645543667440759E8
403722.61,3.9894826704353744E8
