Time,Cost
1358.6080015767675,983198.8623032423
1379.3773569525251,941702.0039879518
1521.9340509808078,904004.6948050449
1758.2466669515152,871372.1336689806
1475.968115069697,906753.4348363256
1963.7945594737378,859967.0953338905
1565.0376917561327,880620.895814054
1686.3950095222224,874830.3882796196
1440.3064670738815,924376.1386959371
1455.495371559596,911140.7077534345
1884.859668289899,871136.6730318497
