Time,Cost
434787.8284066667,1.406272527889053E8
356476.56879999995,1.4746701192107978E8
291258.3574000001,1.5274316806215784E8
259159.3963571428,1.6097691567894265E8
301448.70999999996,1.4951007598727518E8
222247.72508333332,1.6578129422644734E8
