Time,Cost
3615.542787999999,1967586.3826499372
3473.6570287979794,1993813.390933267
4391.65817139394,1808498.7983317226
3620.7166255223665,1845526.3443865357
3259.9321596565665,2197816.275559983
4539.252809232324,1703519.5954993446
3530.5004089999998,1976270.6257648955
