Time,Cost
3701.5732993095235,1832111.683518694
5740.458454222224,1815153.9402970227
3334.0403959999994,1905632.7904781867
3292.4954534848484,2246614.5419557053
