Time,Cost
3880.5080751666665,2011718.9122800503
3723.422445525253,2081965.1324971784
4262.418440646463,1912084.1612726771
4038.812439111111,2005574.7064144623
4591.5947097503595,1849196.6921877577
3490.262803333333,2121690.22294539
3364.9857820555544,2197041.2548724664
