Time,Cost
110928.94519999999,1.835080189764643E8
117414.85203333333,1.7784182737722352E8
140239.29950000002,1.7004235601724288E8
119791.6470642857,1.756510099189666E8
112002.60572857142,1.8185611314333174E8
119176.79767999996,1.765707490784668E8
151288.7736,1.684494473986334E8
132680.57354666665,1.7305220849956322E8
112008.36572857141,1.8022681253177938E8
128896.75697777781,1.7370777869397163E8
