Time,Cost
990393.4749999999,4.037470553107033E8
636848.4830999998,5.3173114541594577E8
646725.8040999998,4.703784068306703E8
701581.8399999999,4.336462378104596E8
746464.0096999999,4.3167279866006565E8
699624.3296999999,4.4324848380960256E8
