Time,Cost
577580.2743999999,3.764359035193627E8
