Time,Cost
175526.0,6.803329453805833E7
158834.0,6.857308850849155E7
