Time,Cost
175526.0,6.803329453805833E7
163512.66666666666,7.299006832931119E7
