Time,Cost
102644.66660000001,1.942432043801594E8
147229.11498555556,1.8382749878617924E8
126793.25069999999,1.858270712446866E8
115870.75154285712,1.900925196353586E8
125378.06199999999,1.8945647503978318E8
