Time,Cost
196171.6986,1.9543884748478994E8
113731.43463111111,2.0269143360832396E8
139434.73067857142,1.9805881936847317E8
133329.30490000002,1.9984718739445385E8
