Time,Cost
168985.86813333334,2.708636637844275E8
195559.06919285713,2.4045531021347886E8
170930.61969999998,2.4531087065705585E8
193670.95280000003,2.4365531633444262E8
195350.33894285717,2.421016073368731E8
