Time,Cost
1612.306630688889,884082.6577663043
1629.1260020500001,871541.8708790863
1416.063500158586,895099.0105369159
1906.8913841888893,868471.7255877878
1560.5400182285712,894148.1915547322
