Time,Cost
304512.1076499999,1.5112882332615444E8
240159.65109999996,1.604288709049193E8
847701.9382999999,1.3603100337733164E8
472878.7736,1.4554465849841458E8
326199.45239999995,1.461855046959502E8
