Time,Cost
6073.027474744444,2377545.5927969147
6137.216879156999,2113351.305180846
5489.612446422222,2579503.0711029684
7764.85074575,2027224.3689259954
