Time,Cost
6137.216879156999,2113351.305180846
7764.85074575,2027224.3689259954
4712.003585282828,2181332.438623281
