Time,Cost
272.70667333333336,206478.4179448146
222.83260999999996,213178.79558812614
225.14660766666665,208711.20897168186
389.245568,199896.54598006574
384.83702,200602.94382208076
313.509476,202752.28476050502
341.6117586666666,202261.6729864999
432.0913033333333,199885.64828575254
305.0367027777778,205218.77086315665
306.67132,204060.6606967928
368.25091999999995,201010.36310973228
551.2832379999999,196993.76281915655
364.72964199999996,202198.80045904624
