Time,Cost
247620.0,1.0161666871212122E8
227442.0,1.0770497840486963E8
188515.0,1.4441165733333337E8
199870.0,1.418140495952381E8
224664.33333333334,1.2406986728517558E8
