Time,Cost
244300.0,1.0757270714285715E8
246140.0,1.0230141036580087E8
178200.0,1.077245155E8
301380.0,1.0004011562698415E8
272373.3333333334,1.0216019525613275E8
