Time,Cost
199788.0,1.1441521652380952E8
255370.0,1.0345301086263737E8
337760.0,1.0008099224819624E8
242360.0,1.087933385620915E8
331560.0,1.0283717727056277E8
179010.0,1.4649405613431016E8
244300.0,1.0757270714285715E8
180225.0,1.258861401666667E8
