Time,Cost
35236.299244444446,5.470104407624459E7
44732.25,5.175062647158378E7
36115.22525333334,5.464743062049649E7
46825.60453076923,5.112389391145522E7
36228.90473076923,5.446274846085411E7
60838.11744444444,5.097181175084093E7
38616.24287372549,5.306246522387266E7
37851.245832727276,5.314003180380362E7
53023.90544444444,5.111362400481236E7
38768.04073076924,5.269615912089779E7
43622.635030769234,5.232486117446236E7
36378.88655,5.351478949277028E7
