Time,Cost
215454.0,6.6843772013538755E7
167864.0,6.736404979738562E7
156472.0,8.845373717576869E7
219031.0,6.5585168600732595E7
