Time,Cost
168963.14285714287,7.199109873915628E7
215454.0,6.6843772013538755E7
