Time,Cost
632681.0688000002,4.210116856254186E8
684238.3907999999,4.1485968217575836E8
595825.5460000001,4.773073188401108E8
623776.7479999999,4.557934404149547E8
