Time,Cost
568330.5784,2.001368079028159E8
309343.31999999995,2.3174773826632378E8
367608.9248,2.0342182140497407E8
306855.428,2.3393631086289442E8
303765.961,2.6015291876601434E8
328129.77599999995,2.061453393866125E8
318987.756,2.1527221097655672E8
310215.44999999995,2.1590625562071767E8
301021.8258333333,2.6214833206380022E8
