Time,Cost
301306.95399999997,2.03909973161856E8
283730.30319999997,2.2543752651869038E8
260476.4622,2.575270598789661E8
347948.7496,1.9988816800518262E8
281048.81999999995,2.529287152465537E8
500057.23049999995,1.9542075748163563E8
