Time,Cost
568330.5784,2.001368079028159E8
309343.31999999995,2.3174773826632378E8
367608.9248,2.0342182140497407E8
306855.428,2.3393631086289442E8
329844.1275,2.2997360332020068E8
303765.961,2.6015291876601434E8
331378.8,2.1587999422432035E8
