Time,Cost
568330.5784,2.001368079028159E8
367608.9248,2.0342182140497407E8
291061.61,2.4657685894516975E8
301306.95399999997,2.03909973161856E8
