Time,Cost
568330.5784,2.001368079028159E8
367608.9248,2.0342182140497407E8
301306.95399999997,2.03909973161856E8
283730.30319999997,2.2543752651869038E8
260476.4622,2.575270598789661E8
