Time,Cost
593192.0467,4.111583925690441E8
572795.7405999999,4.1649280575286657E8
