Time,Cost
654446.5791999999,4.528887987981956E8
646114.1780000001,4.704998610711848E8
782637.1275,4.391903770604472E8
729317.6543999999,4.3969691495879126E8
