Time,Cost
5785.11555488153,1964285.5133108357
5195.525862087591,2296369.7580228453
