Time,Cost
248.296984,217984.58034545457
251.70874666666663,210401.90063197035
247.49035999999998,226622.09484823473
248.51295066666668,216009.24346082535
274.677076,205707.6707613485
272.71600333333333,208272.4706656313
492.8691166666667,200006.77714702766
325.9123983333333,200662.04760605813
