Time,Cost
220072.44069999998,1.4367109479644963E8
