Time,Cost
1632.782949569264,823066.999876908
1003.5700257056278,933781.5689898633
1193.073347929293,826018.9203394591
1052.6286867777778,875170.0742263498
1141.3648006666667,843173.6593824349
1050.9898685555556,927903.7420026547
1040.7362688888888,929134.6629752354
