Time,Cost
2558.1363478171706,844709.0932169557
1479.3201818922798,1119106.7837486458
1547.332818534199,995836.5059565465
1519.0380705803027,1070420.0259697116
1561.6945319414144,910036.2453643832
2100.4204776747465,862909.5263150282
2235.6134169666666,845334.3451171317
1978.317024686869,877603.2086540154
1739.7765993666662,907996.1185352905
2229.7983646060607,847812.0891367089
1877.7623197301589,898215.9330143532
1940.2665731795096,894637.1521509641
1767.1211579111111,898764.7076640633
