Time,Cost
651.848168888889,429716.04498404416
592.1195966666667,498798.7218378821
700.5581888888889,415441.77666328294
616.8642333333332,472812.21682805585
