Time,Cost
651.848168888889,429716.04498404416
592.1195966666667,498798.7218378821
