Time,Cost
723.1655744444445,528966.4763877525
669.3876233333333,580026.1851915079
800.8738244444442,442121.46369712113
732.5442499999999,472394.21370789676
