Time,Cost
192.76270838888888,109043.60979031945
229.70990013333332,107397.23574801214
220.52752239999998,107601.70033470457
139.6389768,110886.26167511797
