Time,Cost
255.74441399999998,108757.02352889649
155.26625373333334,120038.59145849645
166.760605,116744.18704125204
179.2845836,113562.09235018333
152.77611883333333,121197.25609990716
192.76270838888888,109043.60979031945
179.600884,111030.21274887324
161.9107252777778,117838.94209580048
