Time,Cost
155.26625373333334,120038.59145849645
152.77611883333333,121197.25609990716
192.76270838888888,109043.60979031945
179.600884,111030.21274887324
161.9107252777778,117838.94209580048
229.70990013333332,107397.23574801214
149.207746,122050.66724604092
164.73709250000002,112691.10281051011
148.743284,126519.82444017222
