Time,Cost
605.5193833333333,477938.84492212103
985.9755733333334,475963.0602174495
