Time,Cost
605.5193833333333,477938.84492212103
572.669088888889,480983.66071056644
730.0426873737374,450860.3366584991
899.2704666666666,416467.156762507
729.2130377777777,467020.2640214465
703.06603,476247.3068740402
