Time,Cost
605.5193833333333,477938.84492212103
572.669088888889,480983.66071056644
730.0426873737374,450860.3366584991
