Time,Cost
118272.48888888888,3.330932761297853E7
44160.0,3.565227092717087E7
73600.0,3.492778113445379E7
52424.84313725491,3.4993627136788055E7
73624.8,3.4266027843245E7
47408.0,3.515282517097609E7
91722.22222222222,3.357105580905696E7
105626.88888888888,3.3474220332866482E7
79015.02222222222,3.411604468207283E7
108803.6888888889,3.340624827731093E7
80326.8,3.3847093086834736E7
84597.28888888888,3.3608710586834736E7
82167.02222222222,3.37679892796452E7
84521.6888888889,3.3716135475723624E7
