Time,Cost
138054.5925333333,1.8830709950202778E8
108600.94017857143,2.122006794752696E8
111321.13709999998,1.9002797544153404E8
124954.04059999998,1.893115220600273E8
109258.58198571429,2.0033675627198642E8
108679.0718,2.0190807150007394E8
109234.98271428571,2.0135748433556014E8
