Time,Cost
188860.36899999998,2.140735627414443E8
121576.49683333335,2.562765530297795E8
145704.44979285714,2.1783009253442416E8
133553.0881,2.5057354013576832E8
135233.13900000002,2.2345515464540893E8
