Time,Cost
741350.6641,4.159884923087002E8
466986.0945,4.2648709657002157E8
