Time,Cost
1205.7702294552669,737272.4488171026
1308.5440047141415,733537.069727348
1565.5765580920638,732331.7779241733
907.4645918890332,766271.6380790522
885.4677413727994,773849.097298155
1141.0084934955264,739322.1383092458
905.4979036333332,773498.6368937077
1127.6827843398266,739651.1935610883
869.2547099843438,796255.4979334166
966.3603447758295,748658.3351763552
1062.2841457111113,743500.4212987226
1299.729380080808,736149.1628618003
