Time,Cost
1626.970966333333,1353110.650389379
1812.1997122222224,1351317.3210617076
1819.6370139999995,1305935.0191939739
1855.1394583333336,1181914.3856064007
1820.8979811111105,1296063.9475281343
