Time,Cost
2216.4018133333334,1240634.880895092
2144.389439111111,1317302.1835781275
1961.169560666666,1317303.6395773457
1626.970966333333,1353110.650389379
1812.1997122222224,1351317.3210617076
