Time,Cost
248755.0,1.1357240057142855E8
311000.0,1.0612739234453782E8
219106.0,1.3207415630158731E8
259000.0,1.1180218892063491E8
319660.0,1.0411895178021981E8
211250.0,1.3226000107359305E8
226080.0,1.1767905792016809E8
