Time,Cost
319660.0,1.0411895178021981E8
256114.0,1.052663677512096E8
246010.0,1.1018234827343245E8
178220.0,1.1269987029365078E8
