Time,Cost
224.84557579999998,108631.23917860717
144.9847328888889,121917.79955922431
142.65347093333332,122627.42132762149
163.63019679999996,111317.14274078436
149.31955338528138,120802.96322362787
180.527154,110970.29965699125
163.38116513333333,115587.28697408331
336.7661333333333,107402.42461783336
151.46532833333333,118108.24625891667
