Time,Cost
168.82061339999998,117639.22257672422
163.6600137777778,120687.50183998888
224.84557579999998,108631.23917860717
144.9847328888889,121917.79955922431
142.65347093333332,122627.42132762149
182.71110183333334,116508.98486225028
183.15088644444444,113271.41104008332
