Time,Cost
55.672811111111116,18817.176113113277
38.69789333333334,19482.434252500003
