Time,Cost
466.71105108080815,494273.49526882684
500.7919666868688,493851.79757882684
590.691304888889,480088.98085613886
653.3658015555558,479267.3263002376
530.536556,490708.9454282293
561.741566,484428.91231576377
535.4437452171717,488509.9970952774
541.1502389999998,486767.8560676989
565.097937,484056.1585593272
582.829167,480798.5799626363
547.3591187777779,485120.2284877441
709.4746399393939,477094.1573251593
521.7429993088024,492055.04740536126
