Time,Cost
59273.18332,8.94035930583105E7
72757.7731,7.484309475984359E7
59642.99999999999,7.609649937644592E7
