Time,Cost
167822.0,6.779728253329185E7
180700.64285714284,6.512597591119013E7
161781.0,9.251408282636645E7
