Time,Cost
167822.0,6.779728253329185E7
180700.64285714284,6.512597591119013E7
143189.0,7.060804292673993E7
