Time,Cost
124842.94243461535,2.5857796531873056E8
162285.17811111116,2.215861026836613E8
129760.66179555553,2.4336278871031865E8
139563.24818504273,2.4120698508341596E8
152268.55191794876,2.258266367320374E8
142894.76726222222,2.3704875187280852E8
145357.59321282056,2.316406258654746E8
148624.60338222224,2.2920833876633224E8
159545.80935128205,2.24468081781931E8
159663.42033777776,2.2295727390679812E8
