Time,Cost
530.7220034444445,555872.6687604176
486.51934983261197,567859.4733847714
564.0821093939394,535981.5306621033
489.77452166666666,567727.1023967336
543.2749202222221,541419.538903031
527.5513956349206,557614.2356267303
502.08985133333334,559003.005575251
563.1519996666667,536770.7658193383
535.8653594444445,543564.6334147509
