Time,Cost
422.79306355555553,572185.2523279552
737.6686459682538,474621.4735915463
646.9728142222222,474761.0773297656
434.153236,557057.5652801725
436.62149811111095,502492.784911799
530.3173414444445,475884.6361986502
489.26828271717164,484665.02717337676
469.7932931919192,494127.02919473994
426.9239584343434,564275.7531778392
450.80517699999984,497842.7662071398
516.62438,482506.1289817877
520.8728709595958,481022.9680444368
444.5553846666666,501299.2055051324
