Time,Cost
449.2117712380952,536260.3020436497
624.5750848888888,489297.714265574
480.9642130793651,512910.26087121654
449.9593912380953,529118.4871535236
560.4492772222222,491748.38476563705
488.7239442453102,506968.9198506076
509.42091363636365,502434.7885939263
538.3376901746033,496935.20680108917
524.753200111111,498592.27647206147
