Time,Cost
761.6931607777777,509276.67790558113
479.4644226666666,536389.4930244763
480.9642130793651,512910.26087121654
635.6328787777778,511155.8637882049
