Time,Cost
723.986077,545868.5910389422
560.8202832453103,571565.3611603259
598.410645974026,556135.7404596428
642.4673726666667,550603.2713513285
596.1945652222222,570225.882873129
635.3173934444444,553308.448339929
