Time,Cost
167140.0,1.0700185796825396E8
178200.0,9.82591086923077E7
208154.0,9.482259165779646E7
