Time,Cost
290652.0,9.548666884815185E7
167140.0,1.0700185796825396E8
244300.0,1.0516606132783882E8
