Time,Cost
290652.0,9.548666884815185E7
167140.0,1.0700185796825396E8
178200.0,9.82591086923077E7
247620.0,9.630840337301588E7
