Time,Cost
1845.4395277777776,1226191.6875004626
2061.366755212122,1158130.1698373717
