Time,Cost
197139.0,7.027250319144583E7
275208.0,6.220425105638807E7
238952.0,6.287182406395892E7
161448.0,7.29742681353875E7
