Time,Cost
172840.0,7.652790086920106E7
197139.0,7.027250319144583E7
275208.0,6.220425105638807E7
163980.0,8.306800883469798E7
238952.0,6.287182406395892E7
166520.0,7.684814308423114E7
