Time,Cost
36984.325,6.776725519469053E7
88378.9266857143,5.698370625824014E7
87266.1564,5.702504540549448E7
70276.08816444445,5.8541007350715615E7
59163.238244444445,5.905962190328258E7
42533.90640000001,6.219052645918724E7
39811.93377857143,6.493119888842544E7
38782.5175,6.602513907638896E7
49407.562079999996,5.927069397800393E7
43681.065520000004,6.093231913835307E7
44745.91312,5.937631365903552E7
69228.90000000001,5.854159237323988E7
