Time,Cost
374124.3333333334,6.11457021849719E7
224106.0,7.292513914373209E7
169679.73333333334,8.58409053223443E7
172557.0,7.39616968740802E7
175028.0,7.386067366842633E7
