Time,Cost
474.22239277777777,542178.7714450823
997.7850016666665,467564.6722501973
696.6293009292931,471686.8840826323
477.91824883333334,503938.29087206855
518.7665043253969,502027.2467352782
528.1293949999999,492511.4876009932
651.7977875151514,478666.961437332
551.5241866666667,489548.52151631285
612.4181261111111,482571.1536286164
639.2020506666667,479190.3778432029
593.8983480000002,488985.5171647772
607.4664479595959,485699.30756952934
599.9362413333332,487976.9134589481
