Time,Cost
144616.97777777776,3.55093590932956E7
44160.0,3.993941650505051E7
60211.2,3.7251270599067606E7
108136.17777777778,3.650114785425686E7
137922.6666666667,3.604973490404041E7
95066.66666666667,3.68979576614464E7
51250.88888888888,3.83571956019536E7
44192.4,3.9188117518122405E7
49488.66666666666,3.871645631024531E7
95428.97777777778,3.6859005186953574E7
