Time,Cost
458.3352216176046,559112.0572360127
455.4752216176045,564870.7117483361
573.943102111111,522169.98941731895
532.5942067676767,523082.68516560184
460.03398366666676,535376.9245642736
488.46099055555567,524386.5968904663
486.6703404343434,534673.7881548385
