Time,Cost
12462.538195199999,2089544.5843466895
5261.64040320909,2218457.2323226975
7743.798825720202,2158671.3756313836
