Time,Cost
293595.65499999997,1.9800477609485838E8
97213.6079,2.2211029491355234E8
138886.02887111114,1.9863181662877247E8
132443.30843098034,2.0329155321032965E8
101688.4247952941,2.159028731074936E8
128718.17342333336,2.093560798834534E8
104281.2942,2.1377659473395824E8
117444.08795,2.1339494208241153E8
126040.41709333332,2.106302325451732E8
117464.03193000001,2.1186392309372425E8
118070.07155666668,2.109665352565599E8
