Time,Cost
121359.82519999999,2.748282750516687E8
294703.5914488889,2.2755098070489424E8
165941.52556,2.3007113792723694E8
121676.87948,2.4636736421775895E8
147916.19706,2.3728516376968277E8
132700.92392431368,2.424998346469904E8
136118.32259999998,2.3957530573345026E8
138015.65220714285,2.3823318152610445E8
