Time,Cost
1664.4548711919192,930507.5446180137
