Time,Cost
2526.1372582924246,909824.2908319504
2527.1593666813137,907913.9300705551
2479.1959364727263,911081.7560823488
2046.2540416444442,929995.8624369121
2098.6957273585854,914671.9002463501
2720.09156131111,900781.5262047118
2817.0930724222217,877524.3454720299
2607.717136039394,904651.0548807378
