Time,Cost
2825.2964973722223,905924.1175537528
2526.1372582924246,909824.2908319504
2527.1593666813137,907913.9300705551
2341.0382700388886,936901.1838960194
2309.3004387666665,948856.5595866325
3213.5943851888883,896818.5352923636
2295.1104782887446,954763.2023481567
2450.758108391918,916625.0053299826
2184.1775188695524,974074.0631377086
2479.1959364727263,911081.7560823488
3329.4623841111106,882627.4797380487
