Time,Cost
2479.1959364727263,911081.7560823488
2046.2540416444442,929995.8624369121
2098.6957273585854,914671.9002463501
2720.09156131111,900781.5262047118
2817.0930724222217,877524.3454720299
2515.6632142060607,901370.1451867579
2461.6976443484846,911755.4702537397
