Time,Cost
4349.730727698412,1803617.9125436768
3761.1096790634906,1895576.270235274
3062.0972615252526,2112264.674573361
4432.001909777778,1770603.1264110783
4195.634158191921,1857290.8741068472
3732.590401523089,1918459.1467440643
3637.9870042337657,1967063.7209822761
3248.7836097222225,2001721.2024598392
