Time,Cost
1638.6495189898988,1315043.49831432
1679.473544111111,1052941.8687414087
1864.7991717222221,920139.9299924205
1801.6475676132754,1049115.54793246
