Time,Cost
1029083.8315999999,3.937132440207014E8
663505.3769999999,3.947451397380405E8
618324.2398,4.291404158643003E8
497906.24399999995,4.4051997903373975E8
