Time,Cost
1209.5807804999995,755993.4139533741
994.2680013333331,767763.6571944248
1039.269686060606,762166.7962040253
1050.386626,758445.754064051
1188.6314274242422,756640.1303236971
826.33424510101,813885.9390770434
937.7172467222224,775933.2885343905
859.008269090909,802203.6726137021
1022.5525391746032,767463.0800216337
872.2075524242426,784307.0639210917
