Time,Cost
848580.7999999999,5.1673339010579073E8
657293.7258,5.451259459613174E8
607356.9639999999,6.275275389654285E8
847842.976,5.2819245104425937E8
627176.8649999999,5.857253184939979E8
577444.05255,6.565837354461486E8
