Time,Cost
644250.2725000001,6.309906444949301E8
641397.9408999999,6.801205507507392E8
848580.7999999999,5.1673339010579073E8
657293.7258,5.451259459613174E8
