Time,Cost
767.9312777777778,536358.4750807942
608.6781004444445,541298.9984475193
499.5236904040404,560464.0609755676
497.54049542424235,566525.3852968557
574.300799920635,547036.5868930576
492.7661466666666,573334.7176596497
505.6889613333332,550083.2235163734
615.684796,537435.3564109121
459.4909417171717,582736.1503325931
531.6022443333331,548754.1220810111
