Time,Cost
49605.96848641026,6.046842202254522E7
143691.3786577778,5.075832846868145E7
88541.33552888887,5.100472247776513E7
129131.07980444445,5.079348545873254E7
51325.89184999999,5.5535262500256345E7
70725.25559999999,5.226394385880783E7
64889.06680888889,5.36115240145946E7
53515.80966666667,5.4580866172526196E7
51636.330824444456,5.4832092625204176E7
