Time,Cost
66641.494,6.886348147574647E7
85172.73859999998,5.813251841904078E7
69647.83994666666,6.211936249405439E7
68603.43909396825,6.880835199240743E7
80970.48253333333,5.995356686313484E7
73889.8255,6.085175986501268E7
83594.61936428571,5.9048296644641295E7
71008.1618,6.142496571169416E7
