Time,Cost
30.426000000000002,20529.01476954545
39.175355555555555,18829.80494656566
