Time,Cost
425619.13006666664,2.028091855312214E8
453607.7491,1.9614294128596264E8
291061.61,2.1512708879529524E8
404274.61199999996,2.1382016120438808E8
