Time,Cost
55327.54059999999,6.329728838597463E7
110776.25492380954,5.06385013087378E7
99086.26616428573,5.107125358090027E7
79862.34453571429,5.206428942361287E7
69716.5593,5.2286923154147446E7
55820.5007,5.746496724090212E7
67695.33481333333,5.664142503677994E7
61792.436200000004,5.742504803757682E7
65083.88609607843,5.696460032032458E7
