Time,Cost
53.48242777777777,19315.913210606068
28.97464888888889,21465.48901426767
32.98067777777778,20996.95212787879
72.4731,18830.45614002525
35.78835,19408.119669292926
