Time,Cost
6049.06421091111,2244206.481572958
5509.698854811833,2294189.0010678424
6434.06658644603,2070006.78855281
7081.087358996104,2051108.2355746983
5289.757779571428,2429323.3257176057
8700.779115933334,2048875.1923684063
