Time,Cost
5509.698854811833,2294189.0010678424
6434.06658644603,2070006.78855281
7081.087358996104,2051108.2355746983
5289.757779571428,2429323.3257176057
7861.138541489901,1923678.7545834163
5744.252723098559,2113440.306702907
5712.788073787446,2138309.114492085
