Time,Cost
26937.15022666667,3.572894919938425E7
72417.588,3.453613928060558E7
45502.771100000005,3.501152329342237E7
56307.10853777778,3.4722207088199764E7
65433.88108888889,3.463938936521974E7
