Time,Cost
29041.174776470587,4.055423956193534E7
63649.18608888889,3.42762089042397E7
35390.205198717944,3.515025662087251E7
60246.761782222224,3.4860698230653174E7
29041.844843137253,3.94430207233321E7
29044.41690980392,3.858186516678905E7
29049.049886274508,3.747947925628103E7
29056.57410980392,3.681059492285346E7
29081.87700980392,3.551173132691445E7
29063.319543137255,3.5739985129134044E7
