Time,Cost
906167.5288000001,5.0319126576778215E8
851458.2613666668,5.763396597148147E8
873613.7704,5.111385490813941E8
2672416.5022,4.822623879096647E8
863713.2736785712,5.317510029986719E8
761883.054,5.775409336297694E8
