Time,Cost
581.0197751515151,630176.8967435478
859.1002846464647,546900.9409394934
598.4421703650794,598117.901698631
797.460329839827,556562.5661371651
695.7495064184704,558398.729375395
836.0344626111108,551141.0424183533
634.9088729942281,572541.1048550125
621.6602577777777,584311.6991807864
611.5412433333332,589001.3411120122
649.6673270606061,565100.970290577
676.1265574314574,559775.7236457987
657.9328179999999,561365.7058104416
