Time,Cost
508.77338878354976,581860.5322839395
651.5299026666668,508636.2771073358
520.799099,540449.384594723
604.6639158080807,513986.5168522761
549.9889069336219,532581.9501997952
514.3839553968253,561069.1756559174
516.4343892929293,560383.5975230926
567.5389374444444,527655.3391565881
574.1622397777777,523575.63839812874
591.6021946666667,522043.89485434646
591.7930983333333,516702.5779432742
