Time,Cost
423.39457999999996,197969.59551023698
277.852024,202851.7155023738
584.4298220000001,197674.8216983206
246.557004,214252.27264873445
265.3058426666666,207516.6829606263
309.05577777777773,202690.7050764898
255.05532,210468.26174236115
230.416832,216666.3980124748
352.157984,200432.3725322853
