Time,Cost
242.81800666666663,223923.6919148839
414.3367433333333,200639.8855593059
262.8500506666667,212506.94951402774
423.39457999999996,197969.59551023698
277.852024,202851.7155023738
244.11106577777775,221363.58234061618
371.4926116666666,202433.3415971111
584.4298220000001,197674.8216983206
246.557004,214252.27264873445
265.3058426666666,207516.6829606263
309.05577777777773,202690.7050764898
