Time,Cost
242.81800666666663,223923.6919148839
414.3367433333333,200639.8855593059
262.8500506666667,212506.94951402774
423.39457999999996,197969.59551023698
251.16511151515152,217537.12209942171
267.24210999999997,210555.6412416489
277.852024,202851.7155023738
244.11106577777775,221363.58234061618
256.47363,215714.06087004294
371.4926116666666,202433.3415971111
584.4298220000001,197674.8216983206
