Time,Cost
259.89268,220610.23758138905
262.06232,219055.63726255807
242.81800666666663,223923.6919148839
414.3367433333333,200639.8855593059
262.8500506666667,212506.94951402774
283.1418222222222,210700.37527198737
423.39457999999996,197969.59551023698
335.5951826666667,203458.52287884845
303.4375146666667,209587.31039132562
