Time,Cost
664.295482,516410.4830182684
592.8845586666666,517177.9625800522
471.24015688888886,594539.4321256172
507.63146822222234,536586.7065326453
473.97457255555565,542546.9112836291
526.9310599999999,533100.9268024417
505.79322211111116,539111.4176491211
590.1514185555554,518966.5373074239
512.025622,533299.521257734
683.9978123232323,507658.9466471277
672.8010933333331,515036.6435900608
535.3021905873015,524526.1999018608
555.9422243650794,521580.8722613126
