Time,Cost
485768.91987999994,1.4684496116915992E8
397190.1766,1.8867355534435943E8
360749.9208,1.9414609072496688E8
425835.0047222222,1.8717328088161188E8
470672.4161999999,1.7027850795417902E8
