Time,Cost
845.6876844646464,810137.2760368503
1063.6646491717172,705912.3675751021
883.9315922020204,746389.9560403378
980.8243059249642,730776.8051834794
1053.7373814848488,718999.2924955885
955.7772760643275,737434.5473437293
857.7587167676766,777699.1961546203
881.4941633989898,776803.6185151658
