Time,Cost
43.89736666666667,18622.20121994949
35.87988111111112,20166.33574431818
54.55476388888889,18317.635664772726
38.88657777777778,19454.346718181816
