Time,Cost
246000.0,1.0427210672527476E8
244300.0,1.0457903958683479E8
165600.0,1.0831692712698415E8
