Time,Cost
266292.0,6.10793915566688E7
101283.46666666667,6.712280040454642E7
229818.0,6.228297425544718E7
