Time,Cost
227404.0,7.102317882106946E7
168281.6,8.801385071281335E7
177262.0,7.562214056832545E7
183580.0,7.531735978025569E7
173668.0,8.677117188689417E7
266292.0,6.10793915566688E7
