Time,Cost
206692.33333333334,7.932164815270352E7
328397.0,6.71719076597716E7
227404.0,7.102317882106946E7
168281.6,8.801385071281335E7
