Time,Cost
740011.8008,4.047703877293294E8
1312745.8620000002,3.7383387247180337E8
509332.5813999999,4.295110393304787E8
