Time,Cost
740011.8008,4.047703877293294E8
1312745.8620000002,3.7383387247180337E8
509332.5813999999,4.295110393304787E8
634275.927,4.2372492223310286E8
790818.75,3.8095030559613E8
627957.2690999999,4.243750817008337E8
