Time,Cost
751842.6280999999,3.923698896632221E8
595587.0132999999,4.567339523203463E8
638773.4162,4.481042587019461E8
720908.6684,4.020010738264063E8
548073.419766667,4.580983554266273E8
676673.6780999999,4.315775788809229E8
