Time,Cost
710488.4555333334,4.4863350900074995E8
751842.6280999999,3.923698896632221E8
548850.3931999999,4.738597437919583E8
595587.0132999999,4.567339523203463E8
722078.1573999999,4.2209820875597876E8
