Time,Cost
1131014.2276,5.458858811326611E8
692612.4426,5.799168583076489E8
703595.022,5.551229630868032E8
512910.2905,6.034500510589103E8
823535.315,5.484231787253177E8
674892.3725999999,5.883442287940873E8
