Time,Cost
854.0676510707071,773000.5848454905
831.3007048325358,776014.9983090892
1068.7938118888887,751180.9173414499
841.8367600793651,773399.635355013
799.0882466666666,804477.4337765756
869.1556891254653,760168.385198995
804.0343093939392,800027.0918052247
821.0150756868685,792397.6574467258
824.3731537214246,776786.7860846448
765.1272956681096,817159.6958163962
