Time,Cost
325297.7444999999,1.9125070165880337E8
342517.05999999994,1.8056687349344867E8
351406.69580000004,1.5915244251588348E8
415438.97819999995,1.4786378560601825E8
