Time,Cost
110966.16699999997,9.237190463868225E7
223844.30259999997,8.152468747746633E7
138540.5006,8.71670442362903E7
159755.93559999997,8.36293394862541E7
