Time,Cost
110966.16699999997,9.237190463868225E7
138540.5006,8.71670442362903E7
159755.93559999997,8.36293394862541E7
104306.77399999999,1.1028294685955507E8
110035.72735714284,1.0340360976721528E8
167297.50830000002,8.037852366244906E7
