Time,Cost
44441.60992999999,6.847303684700605E7
42260.6559642857,7.065391068834917E7
54739.548800000004,6.557931302793484E7
49319.8916,6.665874393691055E7
52111.90574666666,6.584943373026393E7
41626.426880000006,7.074729848948292E7
43331.8938,6.921568341991556E7
52390.63501333334,6.569775255533766E7
