Time,Cost
5478.988531511256,1873444.4077101755
