Time,Cost
5876.563338132322,2373284.4103325736
6193.322649462628,2080828.6808982654
6589.461479883982,1923700.436516911
6018.8642018888895,2308673.6556370365
5534.04250992049,2679482.6601406685
6480.677729508658,1927642.7164319623
5836.472930417459,2373962.3053867635
