Time,Cost
313404.47599999997,2.0106783783803067E8
261074.55599999998,2.1920949593160316E8
371880.78199999995,1.8882502946917412E8
