Time,Cost
208.1560931,110667.03597581416
201.77982999999998,112972.93751843434
260.4769968,106857.4423900765
168.96381519999997,113933.94455925001
154.29321266666665,117744.78302494549
169.770355,113643.57785693534
