Time,Cost
208.1560931,110667.03597581416
260.4769968,106857.4423900765
232.3393434222222,109229.36184119318
188.497196,111277.67156275253
150.95402422222224,114609.19041486213
161.42207564444445,113125.27529323885
