Time,Cost
189025.0,1.0933463508496732E8
242064.0,1.0060665373249301E8
168040.0,1.1172856912659563E8
