Time,Cost
178200.0,9.919050198459384E7
244300.0,9.775030495891693E7
288360.0,9.416053815934068E7
161376.0,1.1150625283333336E8
