Time,Cost
1085.7204674603174,916189.9135675124
1456.9694259941514,810980.3802185274
1264.3498509141411,823084.9471708443
1203.8108299393937,831081.5476985972
1122.2514940404042,881467.143465145
1179.657136666667,857187.0252747207
1174.800139959596,870561.1778605739
1137.8242291630593,873714.6894415771
1129.6862096608186,877501.422414058
