Time,Cost
906.3264513333335,870807.4530070256
1207.4959516212118,744560.8009982411
950.0919827777777,812857.8409565174
1112.088782992785,746501.801009497
1003.8431315555559,777622.9641058724
1059.1844254646464,767601.2635934406
913.5332224444446,827276.1495486653
906.3602732222223,844675.6243976092
1031.2876794242425,768632.7297823573
