Time,Cost
863.2462973578646,837867.3345685038
1025.3358485180377,744240.4646127595
931.2115283131312,788147.14849964
974.7799445064932,760150.9213241604
934.9850705555558,778675.5467744683
