Time,Cost
1977.6913033650794,818622.3487260715
977.3353462813853,939811.4808958949
1044.094343109668,827990.4029262504
1482.1584217474744,824539.8623726099
1828.4896422828285,823958.3763138079
1272.329756828283,827970.2493283537
