Time,Cost
712.8423333333334,459903.75285308773
772.8118083333333,450827.3573003282
694.9506955555555,484050.1807173193
595.615366111111,510763.10631419194
652.0836966666666,492482.4309062881
620.2610166666666,508846.1065814177
700.2961999999999,466283.82450363645
699.8568533333332,481410.15134400816
