Time,Cost
871704.6549,5.253468480435151E8
761144.8099999999,5.492412312998258E8
580303.9282999999,6.414338166090113E8
644745.58015,5.559164926759138E8
