Time,Cost
826634.4016,5.928220946109236E8
871704.6549,5.253468480435151E8
652365.448,6.054780366687217E8
