Time,Cost
871704.6549,5.253468480435151E8
652365.448,6.054780366687217E8
783608.4151999999,5.567133841737536E8
788872.152,5.499821492522085E8
751405.4811999999,5.858939329588187E8
704014.7519999999,5.948628986917692E8
