Time,Cost
109527.77015999999,2.011459067966608E8
108302.77394999999,2.0649665045451242E8
109891.62264,1.9270927803518346E8
109847.29056,1.9330269855945706E8
109798.02531999999,1.951201748396868E8
110711.10454666667,1.869454955696598E8
110920.31659999999,1.726148517981317E8
110608.88759999999,1.8700176986178178E8
110590.67917333331,1.9231482560956204E8
108568.30094999999,2.0588439885525572E8
109542.69391999999,1.989732087482154E8
110800.57812,1.8013920991590342E8
