Time,Cost
326207.5949,1.6013003093385363E8
278552.19735,1.70229824175247E8
240075.41830000005,1.8112171331654215E8
313164.1088571429,1.684447512162152E8
269787.1368166667,1.74213614798075E8
505264.41709999996,1.3938152818689966E8
289245.960625,1.6869756444922966E8
314228.47466666665,1.6751795667382485E8
328037.8112666666,1.4412152695067444E8
263262.7039571429,1.7797282758240685E8
327305.8727,1.5512715806845134E8
