Time,Cost
1869.6292562929293,1174477.700034863
1757.260990555556,1351566.7107826106
