Time,Cost
227.662784,201816.67508869918
216.62776000000002,217492.86432885574
332.008924,191613.24954227312
225.699368,202968.210876189
252.51267611111112,193802.2743550628
224.464264,205702.33442311359
219.50395133333336,205802.73326491917
242.191364,194245.4823476819
561.4529413333333,188217.68792062093
666.0803299999999,187861.68087087848
227.90478399999998,197686.2789130354
481.85836400000005,188850.67923572694
338.6890653333333,191020.33750765867
337.6090653333334,191189.03948682532
264.6086761111111,193488.61265492393
340.8090653333333,190999.38260315868
421.6294173333333,189788.09171340725
