Time,Cost
293.16891200000003,181983.16621748742
190.38667666666663,194099.78388779046
193.709656,191660.30564779046
279.3569120000001,183659.47026796723
238.65639199999998,184406.42435165404
262.832656,184396.21516332074
190.40517666666665,193641.0080394571
282.444512,182663.60681382575
265.142912,183772.79447604803
211.02462,187228.152441048
207.50491666666665,188595.33528779043
231.74382,185153.86766741163
195.552184,190545.7672077399
217.20029599999995,185500.0558518561
222.74331199999997,185240.27703195708
287.573896,182244.43272748735
207.26291666666665,188702.41966768942
235.24141999999998,184893.08289054295
196.35346666666663,189364.58559799247
216.570768,186192.67523387633
200.38446133333332,188800.63486970964
196.2501333333333,190137.25066193182
221.766576,185360.25636943182
238.296392,184468.27169054296
291.475144,182043.44022998738
211.88586666666666,186667.28205054294
234.84142,185099.16985074498
211.42461999999998,187121.3282421591
287.585896,182125.8625113005
264.542136,184280.28706332075
197.57841333333332,189260.11438324497
198.63443999999998,189060.96971415405
214.52221999999998,186216.13545104797
213.96616666666668,186344.18156165406
195.8794458181818,190332.27145556823
198.85484,188868.63377779044
212.02016666666668,186413.83410771468
212.13913666666664,186356.66755327026
263.192656,184327.83572998742
195.84544581818182,190439.45762112376
199.8608613333333,188857.7753611237
264.182136,184290.5867299874
262.910656,184395.43777695711
