Time,Cost
222.42376177777777,214796.93881376256
257.563936,207723.42034059175
350.5989119999999,196290.97415155297
488.87972599999995,192192.69196227778
316.10530000000006,197700.52649747476
273.0407,202637.99219045442
250.12733333333335,210162.290990091
549.1239194444445,188609.7484018055
275.19514833333335,199141.44534502778
498.44921666666664,191186.45160988887
405.41383799999994,192283.84231352017
497.7728583333333,192020.95781863123
592.1628273333334,180745.21455130054
