Time,Cost
115449.2608542857,2.1390736292997202E8
127654.42879999998,2.0749442190435493E8
123978.03079999998,2.1261920154771718E8
