Time,Cost
103517.26430952382,2.2027109035528153E8
177138.18824000002,1.9405086715006185E8
161087.78173333334,1.976317364484618E8
105460.72876666668,2.1185869666149846E8
111265.4307534188,2.028705342195272E8
109568.94666,2.0953606392060438E8
141433.20873333333,1.9955072331432402E8
127019.54628333336,2.004636896305972E8
147447.1198,1.9851196890632233E8
118508.88941666666,2.0060425203964555E8
