Time,Cost
166.63766033333332,111274.91826901896
150.13081266666666,118499.50253641666
159.9213052,116616.53664213611
141.75888400000002,123681.8784225202
220.7064084,110314.97986353535
227.331642,108870.66795044165
156.606884,118226.54668782502
196.808605,111105.41630712526
165.198205,115430.91024852527
230.9656264,104619.34271861363
146.63385494949495,120935.55403842295
