Time,Cost
2059.76266417316,975882.1963258346
2227.9005642626266,878837.9887715745
1678.679242141415,1076536.514136325
1780.592836969697,1014236.3669620381
