Time,Cost
2227.9005642626266,878837.9887715745
1919.6991955873016,941738.5398298831
2031.5573841111113,940995.4696802387
1456.668129818182,973650.8183811564
