Time,Cost
2227.9005642626266,878837.9887715745
1591.869697222222,985389.6345910239
1919.6991955873016,941738.5398298831
