Time,Cost
670059.4224,1.4470191459949788E8
390736.60000000003,1.4479165764001563E8
193505.2688,1.486765592792003E8
344668.0442657143,1.4696011608064994E8
