Time,Cost
635064.02015,7.08891880005695E8
641043.6276,6.280292776212654E8
627928.1429999998,7.452750850461262E8
623176.271,8.070978126760046E8
643177.1509999998,5.43416328116526E8
853959.8411999998,5.354249310169357E8
