Time,Cost
1206247.5204,5.601825772755529E8
635064.02015,7.08891880005695E8
714352.5793999999,6.029365220354986E8
641043.6276,6.280292776212654E8
679406.6141499999,6.204233857697085E8
731405.9228000001,5.606920229896346E8
627928.1429999998,7.452750850461262E8
