Time,Cost
102705.5281710606,2.149086482763317E8
238462.21067444445,1.9999081944197398E8
136813.6309897436,2.0401765631908357E8
220920.62241777775,2.0047447197277582E8
112392.27304787877,2.082052350912382E8
110998.69565,2.1413102365685982E8
135544.3588,2.0733433282694885E8
124629.364,2.077290251167045E8
