Time,Cost
142170.3591,2.820557507661772E8
243572.3187,2.6669601642969072E8
158991.8742,2.719774321835328E8
187082.4693,2.6689191990574223E8
158875.77356428572,2.819654244497563E8
