Time,Cost
127018.15984111112,5.0545597891559534E7
34027.125120000004,6.1730630631923646E7
91802.29808555555,5.2148013403441444E7
59570.906733333344,5.253714549561285E7
109822.36349444445,5.165511633201478E7
46450.960344444444,5.344761063180734E7
35691.48521,5.741318526514385E7
34097.202999999994,6.115781865523952E7
44820.05897777778,5.557154818989048E7
38912.22225,5.6265700373562686E7
36688.02857,5.6741229625756964E7
40761.363,5.557734161212381E7
