Time,Cost
215540.0168,2.0235253961735272E8
111265.45709999999,2.2573291120371625E8
160316.91999999998,2.0266570685159823E8
122025.4952,2.1548342071867028E8
117156.46019999999,2.2168774490791637E8
149636.43769999998,2.059536533633283E8
129970.0781,2.1392430845544142E8
157522.9621,2.041762540311511E8
115853.35999999999,2.2282770543393457E8
144667.1396,2.0894435207263508E8
142223.70779999997,2.096125758373426E8
141229.88559999998,2.1330857413863236E8
140865.78186666666,2.1383067852234963E8
