Time,Cost
102566.80320000001,2.0488892891065693E8
145007.0487,1.8680658083228934E8
104329.61352111111,1.9213173401350412E8
135137.6810577778,1.9196297332801798E8
135318.39718190476,1.882845050582803E8
140495.68848,1.8715122446140146E8
135141.82736666666,1.911673753951426E8
137069.43273333335,1.8732220117549017E8
