Time,Cost
129077.41626666667,2.4964350287054485E8
189623.70400000003,2.1289214213008693E8
172771.3597,2.1444332622987986E8
156359.5472,2.1769667384324822E8
134738.895,2.2795594649937004E8
129646.99682666667,2.3909712499779004E8
132607.5308,2.350711565021679E8
154517.57663333332,2.2301913028883964E8
143010.1961,2.2411977558997503E8
144191.54726190475,2.2393659671674177E8
