Time,Cost
1443.7179568070708,1063048.2967490735
2444.644279241486,825553.7754180899
1472.9428204217888,989670.7386130721
1478.4060525595962,897760.0392322786
2051.3460417499996,848503.4920773755
1664.4767988601006,890055.587206108
2234.974370345454,846638.6713752282
1718.047650389466,875206.6889345958
1815.7926459784264,850565.8919585483
1814.7181057533192,858909.6525670888
2224.562845510389,846977.8062656559
