Time,Cost
1781.5742379535357,1147092.0392305844
4673.0942058748915,937839.0161498613
1819.4106531560608,1021783.9896072823
2864.5447491111104,939460.6510689107
1992.4306243707067,1015903.140357649
2720.7403080803033,941662.7734084085
2230.452220319192,947356.9687729409
2046.233782899134,982448.9219001448
2174.8704908177488,980694.5134262744
2226.9915591056274,954996.8247734018
