Time,Cost
1327.9796591747474,873335.7768664089
1868.5527694404036,763595.2445417163
1839.4727311383838,784888.7678050708
1657.7044935424237,789397.9257752906
1415.8875769555555,837727.2313318875
1554.6763442585857,835010.8922785795
1603.2419009008665,806769.9499199499
1369.2118724477634,861649.7582613076
1384.2033809771285,850428.9121634685
1653.8025163656569,801916.041163989
1587.4896183141411,828506.3848982495
1583.329424991919,830614.1352432715
