Time,Cost
6240.971716727273,2132939.1495110104
5827.310013777777,2173419.9076520056
6473.2246185401145,2024443.5858283243
5193.47852380202,2231485.2919283574
7076.625461166666,1896884.8746759654
