Time,Cost
114634.20639058824,2.3373283121910578E8
205823.04401777775,2.0962042497298223E8
126647.34358222221,2.1562030424708977E8
120897.5855,2.1940538250378114E8
185242.22888444443,2.1364282151105067E8
161555.67380000002,2.1518924967841578E8
118752.12069019608,2.259408511796796E8
114634.25339058823,2.32734277390901E8
183902.00835555553,2.1466426160245112E8
116095.74967555555,2.2690779692610815E8
163668.85260726494,2.1477929717523405E8
116095.95307555555,2.262819463473724E8
