Time,Cost
1115.1273058989898,694472.4736126006
859.3610140000001,827711.8300663212
1028.2399608253968,716460.4085365072
873.885678929293,773149.4807767301
957.7575580404039,747965.063021777
948.0474500295055,763426.0016452501
993.7549163131313,729696.4507929223
1006.7751325996811,728838.0331550172
906.9810702106782,770823.5922499686
906.4359932222222,771803.0708429542
