Time,Cost
173118.04321666667,1.4944528943568024E8
204058.085,1.4122415261496243E8
