Time,Cost
667826.4988,4.273427322384545E8
690414.2887,4.218799842438431E8
569039.4114999999,4.393141047072207E8
861269.1519999998,4.212807216524382E8
865798.1015000001,4.113619533301054E8
553818.6889999999,4.639988825838179E8
