Time,Cost
599879.5757999999,4.488122701432594E8
584318.1832999999,4.659417508166537E8
578585.7909999999,4.686260140993905E8
667826.4988,4.273427322384545E8
