Time,Cost
599879.5757999999,4.488122701432594E8
1281946.186,4.311230961237385E8
1110760.0751999998,4.37888872541269E8
748701.1328999999,4.4705825518263286E8
1281210.7671,4.3168693183195627E8
928881.3990000001,4.416553991748689E8
835951.0374,4.4337617833077765E8
