Time,Cost
116660.6923511111,2.17380601009415E8
210736.19720000002,1.9305810187202165E8
163089.03755,1.932432542441675E8
122150.87356666668,2.102704312236016E8
144350.7306,1.9717690367040795E8
152515.92554999999,1.950580741092131E8
142992.72049333336,2.0190486771553075E8
128275.12849999998,2.054512468871536E8
129866.51960000003,2.0194625144736058E8
124373.15464333334,2.083014906481814E8
