Time,Cost
167308.1295,2.7121317469611484E8
217188.44292380958,2.4443743974636012E8
171551.7205,2.6644649402583227E8
178946.05550000002,2.5670188555372736E8
172980.79,2.588855209462384E8
196125.49328333332,2.4856430689748213E8
205885.80719999998,2.469829403679319E8
185363.62631666666,2.513588341215052E8
211232.68639999995,2.451632607515795E8
186250.01161666668,2.5005995997020537E8
