Time,Cost
159961.39765000003,1.8958255451320082E8
110368.94858333332,2.017898148023821E8
124513.39140000001,2.0018158358703503E8
124535.1853,1.9711958929714194E8
132596.94491999998,1.949278499338191E8
153620.02565,1.9256125495249188E8
154256.20641333333,1.917736663798658E8
141523.35871666664,1.9280049529421064E8
159937.5996,1.9019207234111348E8
139783.37111666665,1.9406625703645402E8
133078.72009999998,1.945823458092746E8
140252.09072238096,1.9318331213263753E8
