Time,Cost
102180.41032,2.0121278033365035E8
191623.15818222222,1.8406862985346654E8
140437.09561333334,1.846374064486564E8
176562.21530222223,1.8415964667086545E8
114678.02243333335,1.9577227908583716E8
110714.66208333333,2.00490775271832E8
139852.85964,1.8873885913279435E8
123836.75418666666,1.8977538799117276E8
120472.4994,1.9194692697730115E8
116145.57351333332,1.9327397779441217E8
135324.70255555556,1.8932620308853924E8
