Time,Cost
121620.13759999997,2.2221494691704187E8
147962.00629999998,2.0726945544715923E8
130570.82408190475,2.1757594331242993E8
135923.1179,2.0883846798152325E8
