Time,Cost
183.98988999999997,110400.66909471314
173.99248819999997,112901.10950613541
246.7370374,107643.64828674999
194.71845900000002,108466.43468888989
172.606884,113880.27315312624
136.1601395,114069.26730394947
328.1134152,106610.7479478965
