Time,Cost
33.11097454545455,20699.687489963926
55.768244444444434,17175.43951426046
36.74046666666666,19927.126888636365
45.608000000000004,18340.165659072874
41.78927111111111,19632.941618434346
