Time,Cost
33.577678181818186,21841.3028950505
45.0358,21779.794729924237
55.27175555555554,19536.47009514069
49.87343333333334,19819.648359090912
48.127988888888886,20383.195086616164
