Time,Cost
33.577678181818186,21841.3028950505
58.809760000000004,21242.87408876263
45.0358,21779.794729924237
