Time,Cost
775.7610372966506,805290.5954836614
1314.4939323976612,698284.7340255158
828.7398484170272,718800.177805482
1127.1133699444447,708162.5205914178
967.4512477373739,718421.1306018329
1222.7236962756128,698386.037247902
1035.9054838513712,712676.5905342149
