Time,Cost
1147.4787053564216,729923.790656603
870.8024695079365,799973.2896788552
1137.9972421111113,744145.0316982411
1021.906740011544,755059.0392300233
912.5814533333333,791130.4093421125
954.9240760858585,770286.1787930802
950.1791738636363,781073.3592743143
1002.1768218484849,760507.0120143682
1003.9747566262624,758101.6606851621
