Time,Cost
735.3338021666669,798158.6170411458
1239.8626375836943,689092.5456976743
1083.0619663492062,692491.075144108
823.2120310721502,754401.0497040274
901.2178827777776,694063.5680454168
826.8249436919192,716283.7577350158
813.6182643383837,782254.7964766094
849.0575764963926,713895.4128949014
901.1466099330144,699380.1828790917
817.615575,762335.7294657279
789.1558381291486,795632.0609293978
807.9722199401153,794605.8692167796
