Time,Cost
487.04692477777775,549471.2441683229
627.2837213333335,509475.8498011663
520.8546417777778,540901.879390132
525.0413444444443,521151.19913931156
588.7147359509379,513616.9441316129
563.5365987373738,520129.4152244879
588.1246712279943,518977.937009623
