Time,Cost
437.56765488888897,534450.1893396148
740.4483077777778,477718.5309446054
682.1115274141416,483586.4624159443
590.2880037777779,484600.208225525
463.3964264502164,530122.1305779265
495.27701025252514,505873.5439533823
476.55890133333344,514599.73540524516
549.4264797777778,488356.4123913269
517.7047491919192,496520.33221333375
529.1211156363636,492809.1337511343
485.55096408080806,513737.72887902777
