Time,Cost
1917.559136666666,1422375.1792505651
2426.368368904762,1161779.7971140805
2165.1691909999995,1164209.8431790688
2053.091285656566,1382402.905214779
2376.092849999999,1162391.6639875702
2116.509728787879,1243300.301730381
2025.2320555555555,1396328.6222013365
