Time,Cost
12608.0,4783535.064174388
15721.0,4460274.448574302
7396.666666666667,4799942.794584501
