Time,Cost
239.3171022,108552.57462306668
158.91714599999997,120681.25952131816
150.7202198,123104.29138458891
161.563605,119271.85382422981
160.48421333333334,120374.33013725502
245.4887368,107508.23245044195
173.33981002222222,115367.00658851815
153.3817472,122572.46422119156
178.86131166666667,113322.77037727274
183.59487699999997,110851.94194156474
167.627236,116561.97704761493
162.327644,117315.88763571616
