Time,Cost
178.86131166666667,113322.77037727274
183.59487699999997,110851.94194156474
202.15041827777776,107503.03524435859
140.36221163636364,125172.97900758081
146.6572,114496.71164332576
