Time,Cost
32336.788044444445,6.923529795751679E7
45928.32152888889,5.711165178865727E7
43685.71296428572,5.928114552111134E7
38283.26584444444,6.221916367761288E7
36050.41628444444,6.329475166527363E7
33974.7758,6.736235524716204E7
34665.54856,6.525999836019439E7
33888.645764444445,6.864528714847058E7
35142.87684444445,6.500051048259624E7
37683.72428444444,6.2915003524284884E7
