Time,Cost
577.2225718253968,596995.1894927748
838.0359580194804,518572.6361029435
580.3707752741703,548486.8391925583
699.1053882222222,524428.6760185505
634.6251867907649,533351.9574415989
788.2297024603174,522409.03920198674
811.1156543809524,521128.35663378367
618.1836011111111,537823.3181581066
608.7218081587303,544248.8919420805
615.6525965873014,543788.0829855492
