Time,Cost
244300.0,1.0310674816823699E8
181284.0,1.3399800697241646E8
221325.0,1.154559807142857E8
