Time,Cost
244300.0,1.0310674816823699E8
178200.0,1.0966630254689756E8
