Time,Cost
105914.68799999998,2.0863592581922835E8
210942.07359999997,1.871376517793795E8
108278.61375333332,2.0049090609442863E8
195912.7619333333,1.8785380254845074E8
160869.5343,1.904425164674021E8
115422.25748039215,1.953112773059784E8
134190.6311,1.9519853853598246E8
155680.6633,1.9141367621822208E8
147912.2112,1.948958971681488E8
151694.42810000002,1.926919639405667E8
150856.26519999997,1.935496902811415E8
148806.1732,1.9419993328776142E8
151375.2472,1.9272378478188983E8
