Time,Cost
141473.7992,2.4156822877990705E8
216590.54015000002,2.1054996991970876E8
163025.06449999998,2.121106059536516E8
143714.9664,2.2039552682708308E8
156052.2124142857,2.1784522091367307E8
161715.91679999998,2.1676666905045745E8
147583.66666666666,2.2001192267643148E8
