Time,Cost
803.6458825555557,461672.51561167877
480.7027561666667,550030.6483455155
485.328135,500214.32348518516
709.893924,463924.446962046
601.3520216666666,466783.85958686547
563.4730321111111,478966.5419770194
517.8804142929296,481228.5587810787
579.5892130966812,472288.9340885372
502.59005926262614,495291.1282788341
504.708265,490012.6513771041
506.41791277777776,481903.07893820625
587.1533973333334,469620.4187258074
