Time,Cost
514.0524073333333,528978.6601283215
677.2437540000001,474986.6963055501
518.4418883015874,512665.20388983504
558.7577970000001,492132.8851180213
656.7171265151518,481044.9634977797
602.002043,481145.70246987854
587.2735051810968,487111.9483560939
