Time,Cost
279785.664,2.2318233877916434E8
257694.24886666663,2.2621554585054588E8
340287.75,2.1099652901062375E8
456292.43549999996,2.013334519151587E8
437780.79899999994,2.070161090106262E8
370780.5718,2.0780799346293142E8
