Time,Cost
279785.664,2.2318233877916434E8
257694.24886666663,2.2621554585054588E8
340287.75,2.1099652901062375E8
349443.288,2.008594294996095E8
330118.9848,2.2060291064197135E8
