Time,Cost
819.0689174141412,474388.9972400535
467.4608398888888,553621.4975828977
467.83282044444445,528922.2945567834
517.3252519999999,493294.331600164
484.03152933333337,509094.1404666284
741.6086178888888,479660.3180146627
646.7520634386724,479944.0093676706
589.1683522121212,491959.3432033223
489.1523415555555,504550.46065442107
757.3617175382392,479065.2147959069
608.9648049494949,490187.18333527946
635.3257459999999,480562.6965475374
