Time,Cost
1042.5347949393943,687097.0981045031
853.6292490202021,775117.6188997673
900.6986413976609,709993.0927314615
895.6649594444445,753590.6598801792
866.9871118253968,758988.897884957
855.5701096349209,767567.9773225973
