Time,Cost
758.3787599126983,731717.3208561831
1251.907812222222,676468.754591183
956.9208405008355,679537.9297663216
800.4379060555555,723506.2283474562
894.5723518932178,685379.1432102408
834.5545356111113,708790.7730523434
873.7593951904761,699563.7621441699
868.3523643809524,704670.0931400256
