Time,Cost
1826.599478888889,1469903.0336392135
2209.2936005396823,1291276.5080631182
2023.2581927171714,1301549.0405921496
