Time,Cost
1826.599478888889,1469903.0336392135
2023.2581927171714,1301549.0405921496
1937.8832666666665,1376255.4226802448
2473.7753863333337,1248332.8931641122
2129.444147555556,1250462.6240453466
